"mouse_ensembl","mouse_symbol","human_ensembl","human_symbol","t50_cat","max_cat","H3K27me3_bin","H3K27me3","H3K4me3_bin","H3K4me3"
"ENSMUSG00000000093","Tbx2","ENSG00000121068","TBX2","Mid","P14_P56",1,0.73221110403036,1,0.783711107383003
"ENSMUSG00000000182","Fgf23","ENSG00000118972","FGF23","Mid","P14_P56",0,0.157083036602953,0,0.262496613242893
"ENSMUSG00000000202","Btbd17","ENSG00000204347","BTBD17","Mid","P14_P56",0,0.24027121654091,1,0.77792173781707
"ENSMUSG00000000308","Ckmt1","ENSG00000223572","CKMT1A","Mid","P14_P56",1,0.449624286318777,1,0.524623610247944
"ENSMUSG00000000318","Clec10a","ENSG00000132514","CLEC10A","Mid","P14_P56",0,0.139939892996783,0,0.279656701457213
"ENSMUSG00000000627","Sema4f","ENSG00000135622","SEMA4F","Mid","P14_P56",0,0.231403519412265,1,0.639242624170073
"ENSMUSG00000000791","Il12rb1","ENSG00000096996","IL12RB1","Mid","P14_P56",1,0.50161488180928,0,0.292162918311512
"ENSMUSG00000001020","S100a4","ENSG00000196154","S100A4","Mid","P14_P56",0,0.112141013439359,0,0.259230351097093
"ENSMUSG00000001103","Sebox","ENSG00000274529","SEBOX","Mid","P14_P56",0,0.131700946713323,0,0.272378513232077
"ENSMUSG00000001281","Itgb7","ENSG00000139626","ITGB7","Mid","P14_P56",1,0.450400348951371,0,0.308996694020669
"ENSMUSG00000001334","Fndc5","ENSG00000160097","FNDC5","Late","P14_P56",1,0.438676613516385,1,0.644785240443506
"ENSMUSG00000001552","Jup","ENSG00000173801","JUP","Late","P14_P56",0,0.226488650546943,1,0.715969939620434
"ENSMUSG00000001741","Il16","ENSG00000172349","IL16","Mid","P14_P56",1,0.299199305447829,1,0.634881670009926
"ENSMUSG00000001911","Nfix","ENSG00000008441","NFIX","Mid","P14_P56",1,0.282444128608069,1,0.984576943930452
"ENSMUSG00000002007","Srpk3","ENSG00000184343","SRPK3","Mid","P14_P56",0,0.134314254439135,0,0.236097208399267
"ENSMUSG00000002020","Ltbp2","ENSG00000119681","LTBP2","Mid","P14_P56",1,0.497630982493335,1,0.675233716151571
"ENSMUSG00000002100","Mybpc3","ENSG00000134571","MYBPC3","Mid","P14_P56",1,0.26272869825452,0,0.392818244930532
"ENSMUSG00000002108","Nr1h3","ENSG00000025434","NR1H3","Late","P14_P56",1,0.265595229539124,0,0.371502573437028
"ENSMUSG00000002228","Ppm1j","ENSG00000155367","PPM1J","Mid","P14_P56",1,0.568845274180958,1,0.59739105166334
"ENSMUSG00000002274","Metrn","ENSG00000103260","METRN","Mid","P14_P56",0,0.220977291447278,1,0.568076118824715
"ENSMUSG00000002489","Tiam1","ENSG00000156299","TIAM1","Late","P14_P56",0,0.246588727844843,1,0.771271665844049
"ENSMUSG00000002504","Slc9a3r2","ENSG00000065054","SLC9A3R2","Mid","P14_P56",1,0.458915848084101,1,0.652106122440786
"ENSMUSG00000002808","Epdr1","ENSG00000086289","EPDR1","Late","P14_P56",0,0.179839936037411,1,0.692668730587814
"ENSMUSG00000003279","Dlgap1","ENSG00000170579","DLGAP1","Mid","P14_P56",1,0.319055953310183,1,0.764815460197437
"ENSMUSG00000003469","Phyhip","ENSG00000168490","PHYHIP","Mid","P14_P56",1,0.451290780562182,1,0.62850600935841
"ENSMUSG00000003545","Fosb","ENSG00000125740","FOSB","Mid","P14_P56",0,0.232681841176445,1,0.756440222013507
"ENSMUSG00000003644","Rps6ka1","ENSG00000117676","RPS6KA1","Mid","P14_P56",1,0.440641572955424,1,0.670399279512632
"ENSMUSG00000003657","Calb2","ENSG00000172137","CALB2","Late","P14_P56",1,0.413251174022306,0,0.42853557035436
"ENSMUSG00000004043","Stat5a","ENSG00000126561","STAT5A","Mid","P14_P56",1,0.41493856043036,1,0.528434725236825
"ENSMUSG00000004110","Cacna1e","ENSG00000198216","CACNA1E","Mid","P14_P56",1,0.471247528025525,1,0.649340349841378
"ENSMUSG00000004151","Etv1","ENSG00000006468","ETV1","Mid","P14_P56",0,0.141871388377121,1,0.771911359328168
"ENSMUSG00000004187","Kifc2","ENSG00000167702","KIFC2","Mid","P14_P56",1,0.387200737748186,1,0.655360600648183
"ENSMUSG00000004207","Psap","ENSG00000197746","PSAP","Late","P14_P56",0,0.215529327024254,1,0.705295262572425
"ENSMUSG00000004267","Eno2","ENSG00000111674","ENO2","Mid","P14_P56",1,0.415932682837877,1,0.579140578672075
"ENSMUSG00000004633","Chn2","ENSG00000106069","CHN2","Mid","P14_P56",1,0.470719964632909,1,0.734798365899122
"ENSMUSG00000004864","Mapk13","ENSG00000156711","MAPK13","Mid","P14_P56",1,0.47550309472443,1,0.526344114946842
"ENSMUSG00000004892","Bcan","ENSG00000132692","BCAN","Mid","P14_P56",1,0.578590253061115,1,0.710161210678943
"ENSMUSG00000004902","Slc25a18","ENSG00000182902","SLC25A18","Mid","P14_P56",0,0.1144732145198,0,0.361612959737871
"ENSMUSG00000005338","Cadm3","ENSG00000162706","CADM3","Late","P14_P56",1,0.325446753951266,1,0.845518616918444
"ENSMUSG00000005373","Mlxipl","ENSG00000009950","MLXIPL","Mid","P14_P56",1,0.518839615000992,1,0.599919559786956
"ENSMUSG00000005580","Adcy9","ENSG00000162104","ADCY9","Late","P14_P56",0,0.241459637976651,1,0.75910888846263
"ENSMUSG00000005686","Ampd3","ENSG00000133805","AMPD3","Mid","P14_P56",1,0.429656770488662,1,0.591410316808382
"ENSMUSG00000005716","Pvalb","ENSG00000100362","PVALB","Late","P14_P56",1,0.372759897239051,1,0.546133641206441
"ENSMUSG00000006205","Htra1","ENSG00000166033","HTRA1","Mid","P14_P56",1,0.499828802752435,1,0.644796920431732
"ENSMUSG00000006221","Hspb7","ENSG00000173641","HSPB7","Mid","P14_P56",0,0.193431587496144,0,0.329819954541118
"ENSMUSG00000006342","Susd2","ENSG00000099994","SUSD2","Late","P14_P56",0,0.136191763165189,0,0.348142969666028
"ENSMUSG00000006638","Abhd1","ENSG00000143994","ABHD1","Mid","P14_P56",1,0.298013560114668,1,0.597664686901217
"ENSMUSG00000006649","Nphs1","ENSG00000161270","NPHS1","Late","P14_P56",1,0.417994189343299,0,0.371666885379607
"ENSMUSG00000007030","D17H6S56E-3","ENSG00000204396","VWA7","Mid","P14_P56",0,0.1748133092607,0,0.396394072536975
"ENSMUSG00000007036","Abhd16a","ENSG00000204427","ABHD16A","Late","P14_P56",0,0.219791450253515,1,0.713682565953044
"ENSMUSG00000007594","Hapln4","ENSG00000187664","HAPLN4","Late","P14_P56",1,0.576791601146863,1,0.617742333198498
"ENSMUSG00000007653","Gabrb2","ENSG00000145864","GABRB2","Late","P14_P56",1,0.292893537338828,1,0.71681897249471
"ENSMUSG00000007682","Dio2","ENSG00000211448","DIO2","Mid","P14_P56",0,0.229721083957165,0,0.426836065011627
"ENSMUSG00000008028","1700008O03Rik","ENSG00000235034","C19orf81","Mid","P14_P56",1,0.288490405838177,0,0.40310654637588
"ENSMUSG00000008658","Rbfox1","ENSG00000078328","RBFOX1","Mid","P14_P56",0,0.226825942538447,1,0.685486492082887
"ENSMUSG00000008734","Gprc5b","ENSG00000167191","GPRC5B","Late","P14_P56",1,0.380258877380172,1,0.769480758295839
"ENSMUSG00000009075","Cabp7","ENSG00000100314","CABP7","Mid","P14_P56",1,0.593953735514007,1,0.679274445267468
"ENSMUSG00000009097","Tbx1","ENSG00000184058","TBX1","Mid","P14_P56",1,0.67085994638276,1,0.673341137152815
"ENSMUSG00000009394","Syn2","ENSG00000157152","SYN2","Mid","P14_P56",1,0.273151147212648,1,0.748672888207093
"ENSMUSG00000009471","Myod1","ENSG00000129152","MYOD1","Mid","P14_P56",1,0.438632596187255,1,0.55716892100228
"ENSMUSG00000010064","Slc38a3","ENSG00000188338","SLC38A3","Mid","P14_P56",1,0.460917041306912,1,0.59253676590225
"ENSMUSG00000010080","Epn3","ENSG00000049283","EPN3","Mid","P14_P56",1,0.397308002079891,1,0.445613274545718
"ENSMUSG00000010086","Rnf112","ENSG00000128482","RNF112","Mid","P14_P56",0,0.185409704266827,0,0.435957454795829
"ENSMUSG00000010175","Prox1","ENSG00000117707","PROX1","Mid","P14_P56",1,0.39101907051325,1,0.807514935299756
"ENSMUSG00000010803","Gabra1","ENSG00000022355","GABRA1","Late","P14_P56",1,0.27211348009907,1,0.624340527585869
"ENSMUSG00000011751","Spnb4","ENSG00000160460","SPTBN4","Mid","P14_P56",1,0.32290584724769,1,0.689757128729174
"ENSMUSG00000012519","Mlkl","ENSG00000168404","MLKL","Mid","P14_P56",1,0.352986845570845,1,0.552435243546913
"ENSMUSG00000013483","Card14","ENSG00000141527","CARD14","Mid","P14_P56",1,0.309576884716405,0,0.292131765825936
"ENSMUSG00000014361","Mertk","ENSG00000153208","MERTK","Mid","P14_P56",1,0.416511203355337,1,0.597206220935699
"ENSMUSG00000014599","Csf1","ENSG00000184371","CSF1","Mid","P14_P56",0,0.234794290913553,1,0.689770975778989
"ENSMUSG00000015085","Entpd2","ENSG00000054179","ENTPD2","Mid","P14_P56",1,0.321965215468227,1,0.578224833128713
"ENSMUSG00000015090","Ptgds","ENSG00000107317","PTGDS","Mid","P14_P56",0,0.184063307196908,0,0.397701961219922
"ENSMUSG00000015202","Cnksr3","ENSG00000153721","CNKSR3","Mid","P14_P56",0,0.20134693643256,1,0.789837643747169
"ENSMUSG00000015312","Gadd45b","ENSG00000099860","GADD45B","Mid","P14_P56",1,0.548963365518322,1,0.744100135861147
"ENSMUSG00000015342","Xk","ENSG00000047597","XK","Late","P14_P56",0,0.19541338391162,1,0.575496182629945
"ENSMUSG00000015405","Ace2","ENSG00000130234","ACE2","Mid","P14_P56",0,0.130178851894064,0,0.191177898944157
"ENSMUSG00000015474","Ppt2","ENSG00000221988","PPT2","Late","P14_P56",0,0.198143031132094,1,0.737192847661473
"ENSMUSG00000015476","Prrt1","ENSG00000204314","PRRT1","Mid","P14_P56",1,0.366371996981428,1,0.738128021695441
"ENSMUSG00000015653","Steap2","ENSG00000157214","STEAP2","Mid","P14_P56",0,0.203952381459129,1,0.684959125298444
"ENSMUSG00000015766","Eps8","ENSG00000151491","EPS8","Mid","P14_P56",0,0.204409752038886,1,0.693477489901009
"ENSMUSG00000015968","Cacna1d","ENSG00000157388","CACNA1D","Mid","P14_P56",1,0.291037163365955,1,0.700927189702253
"ENSMUSG00000015970","Chdh","ENSG00000016391","CHDH","Mid","P14_P56",1,0.300577945533165,1,0.516134846378331
"ENSMUSG00000016150","Odz1","ENSG00000009694","TENM1","Mid","P14_P56",0,0.167279242924124,1,0.676294440136213
"ENSMUSG00000016239","Lonrf3","ENSG00000175556","LONRF3","Mid","P14_P56",1,0.308189579588577,1,0.666049459365968
"ENSMUSG00000016349","Eef1a2","ENSG00000101210","EEF1A2","Late","P14_P56",1,0.35207330301873,1,0.62078125618577
"ENSMUSG00000016356","Col20a1","ENSG00000101203","COL20A1","Mid","P14_P56",1,0.206565300018039,0,0.246121949248595
"ENSMUSG00000017167","Cntnap1","ENSG00000108797","CNTNAP1","Mid","P14_P56",0,0.267731893685138,1,0.872672098687761
"ENSMUSG00000017300","Tnnc2","ENSG00000101470","TNNC2","Mid","P14_P56",0,0.151568948995007,0,0.223053899095429
"ENSMUSG00000017412","Cacnb4","ENSG00000182389","CACNB4","Late","P14_P56",1,0.434557574746839,1,0.724432246909029
"ENSMUSG00000017417","Plxdc1","ENSG00000161381","PLXDC1","Mid","P14_P56",1,0.566293818378689,1,0.608100236060987
"ENSMUSG00000017740","Slc12a5","ENSG00000124140","SLC12A5","Late","P14_P56",1,0.59452794867029,1,0.645971975711134
"ENSMUSG00000018340","Anxa6","ENSG00000197043","ANXA6","Mid","P14_P56",0,0.227359224615102,1,0.646732001765979
"ENSMUSG00000018459","Slc13a3","ENSG00000158296","SLC13A3","Mid","P14_P56",1,0.417463094001562,0,0.369469254525076
"ENSMUSG00000018634","Crhr1","ENSG00000120088","CRHR1","Mid","P14_P56",1,0.54153701739949,1,0.784072949840808
"ENSMUSG00000018740","Slc25a35","ENSG00000125434","SLC25A35","Mid","P14_P56",0,0.183804939306369,1,0.60630585422678
"ENSMUSG00000018750","Zbtb4","ENSG00000174282","ZBTB4","Late","P14_P56",0,0.224021149043397,1,0.702082157826396
"ENSMUSG00000018830","Myh11","ENSG00000133392","MYH11","Mid","P14_P56",1,0.34498859082197,1,0.476233509202575
"ENSMUSG00000018899","Irf1","ENSG00000125347","IRF1","Mid","P14_P56",0,0.188836088410497,1,0.636625130373369
"ENSMUSG00000019194","Scn1b","ENSG00000105711","SCN1B","Late","P14_P56",1,0.502549318069464,1,0.606731671649704
"ENSMUSG00000019312","Grb7","ENSG00000141738","GRB7","Mid","P14_P56",1,0.477688347716528,0,0.342218658407261
"ENSMUSG00000019828","Grm1","ENSG00000152822","GRM1","Mid","P14_P56",1,0.429957435641473,1,0.750400466509685
"ENSMUSG00000019850","Tnfaip3","ENSG00000118503","TNFAIP3","Mid","P14_P56",0,0.200648200911717,1,0.666205715087671
"ENSMUSG00000019906","Lin7a","ENSG00000111052","LIN7A","Mid","P14_P56",1,0.346533702275218,1,0.749706645754483
"ENSMUSG00000019933","2310015B20Rik","ENSG00000227877","MRLN","Mid","P14_P56",0,0.138082628106357,0,0.385534311445003
"ENSMUSG00000019997","Ctgf","ENSG00000118523","CCN2","Mid","P14_P56",1,0.428609838313329,1,0.562950880358812
"ENSMUSG00000020019","Ntn4","ENSG00000074527","NTN4","Mid","P14_P56",1,0.39130320488832,1,0.85946457798868
"ENSMUSG00000020080","Hkdc1","ENSG00000156510","HKDC1","Mid","P14_P56",1,0.250762295547314,0,0.305401657185107
"ENSMUSG00000020096","Tbata","ENSG00000166220","TBATA","Mid","P14_P56",0,0.260346647667344,1,0.657112408664992
"ENSMUSG00000020099","Unc5b","ENSG00000107731","UNC5B","Mid","P14_P56",1,0.524183775222545,1,0.857477730853395
"ENSMUSG00000020140","Lgr5","ENSG00000139292","LGR5","Mid","P14_P56",1,0.351319604362326,1,0.756601780760755
"ENSMUSG00000020263","Appl2","ENSG00000136044","APPL2","Late","P14_P56",0,0.174656613158235,1,0.694906282707409
"ENSMUSG00000020275","Rel","ENSG00000162924","REL","Mid","P14_P56",0,0.190164435575712,1,0.731294619645227
"ENSMUSG00000020310","Madcam1","ENSG00000099866","MADCAM1","Mid","P14_P56",0,0.13519761093487,0,0.199954147546358
"ENSMUSG00000020331","Hcn2","ENSG00000099822","HCN2","Late","P14_P56",1,0.49127871326466,1,0.712810673042412
"ENSMUSG00000020334","Slc22a4","ENSG00000197208","SLC22A4","Mid","P14_P56",1,0.368426969851923,1,0.603702371546271
"ENSMUSG00000020387","Phf15","ENSG00000043143","JADE2","Late","P14_P56",1,0.3088423670899,1,0.730578952874313
"ENSMUSG00000020428","Gabra6","ENSG00000145863","GABRA6","Mid","P14_P56",0,0.119515974285227,0,0.31599886302709
"ENSMUSG00000020431","Adcy1","ENSG00000164742","ADCY1","Late","P14_P56",1,0.354495531041605,1,0.751860791919883
"ENSMUSG00000020524","Gria1","ENSG00000155511","GRIA1","Late","P14_P56",1,0.407161840314207,0,0.420806797580772
"ENSMUSG00000020620","Abca8b","ENSG00000141338","ABCA8","Mid","P14_P56",0,0.133252982277135,1,0.542680144519446
"ENSMUSG00000020732","Rab37","ENSG00000172794","RAB37","Mid","P14_P56",1,0.470363699940806,0,0.335780915804648
"ENSMUSG00000020734","Grin2c","ENSG00000161509","GRIN2C","Late","P14_P56",1,0.573480427576146,1,0.640998496416453
"ENSMUSG00000020788","Atp2a3","ENSG00000074370","ATP2A3","Mid","P14_P56",1,0.506122505097401,1,0.553680486294847
"ENSMUSG00000020805","Slc13a5","ENSG00000141485","SLC13A5","Mid","P14_P56",1,0.397872364701077,1,0.595142770067149
"ENSMUSG00000020827","Mink1","ENSG00000141503","MINK1","Late","P14_P56",0,0.216992180557361,1,0.732633939125099
"ENSMUSG00000020846","Fam101b","ENSG00000183688","RFLNB","Mid","P14_P56",1,0.326909736956189,1,0.64548273608519
"ENSMUSG00000020866","Cacna1g","ENSG00000006283","CACNA1G","Late","P14_P56",1,0.572765011267258,1,0.73246329306098
"ENSMUSG00000020926","Adam11","ENSG00000073670","ADAM11","Mid","P14_P56",1,0.401324497505308,1,0.655665573728568
"ENSMUSG00000020932","Gfap","ENSG00000131095","GFAP","Mid","P14_P56",1,0.356113305819563,1,0.516992331907813
"ENSMUSG00000021061","Spnb1","ENSG00000070182","SPTB","Mid","P14_P56",1,0.379433318337698,1,0.768825510794048
"ENSMUSG00000021091","Serpina3n","ENSG00000196136","SERPINA3","Mid","P14_P56",1,0.255290041793926,0,0.295131112516057
"ENSMUSG00000021094","Dhrs7","ENSG00000100612","DHRS7","Late","P14_P56",0,0.189100669265519,1,0.669560453383189
"ENSMUSG00000021133","4933426M11Rik","ENSG00000100647","SUSD6","Mid","P14_P56",0,0.180427192010815,1,0.753982167841011
"ENSMUSG00000021223","Papln","ENSG00000100767","PAPLN","Mid","P14_P56",0,0.182520556278954,0,0.419913677754936
"ENSMUSG00000021259","Cyp46a1","ENSG00000036530","CYP46A1","Mid","P14_P56",1,0.359689386821501,1,0.594078512570882
"ENSMUSG00000021313","Ryr2","ENSG00000198626","RYR2","Mid","P14_P56",1,0.330531818529058,1,0.738233536400059
"ENSMUSG00000021340","Gpld1","ENSG00000112293","GPLD1","Late","P14_P56",0,0.124811107226836,0,0.258914711282493
"ENSMUSG00000021373","Cap2","ENSG00000112186","CAP2","Mid","P14_P56",1,0.406096092615514,1,0.59616053366366
"ENSMUSG00000021451","Sema4d","ENSG00000187764","SEMA4D","Mid","P14_P56",1,0.310238878975808,1,0.715160342453167
"ENSMUSG00000021466","Ptch1","ENSG00000185920","PTCH1","Mid","P14_P56",0,0.26028877766122,1,0.926495843250466
"ENSMUSG00000021482","1110018J18Rik","ENSG00000158122","PRXL2C","Mid","P14_P56",0,0.147120776971729,1,0.623455287119667
"ENSMUSG00000021573","Tppp","ENSG00000171368","TPPP","Mid","P14_P56",1,0.376149048016365,1,0.697251344893102
"ENSMUSG00000021636","Marveld2","ENSG00000152939","MARVELD2","Late","P14_P56",1,0.330109456271042,1,0.566540024646445
"ENSMUSG00000021690","Jmy","ENSG00000152409","JMY","Mid","P14_P56",0,0.229085092585069,1,0.811746132548925
"ENSMUSG00000021719","Rgs7bp","ENSG00000186479","RGS7BP","Mid","P14_P56",0,0.205037840642197,1,0.762718481855374
"ENSMUSG00000021750","Fam107a","ENSG00000168309","FAM107A","Mid","P14_P56",0,0.149043178498546,0,0.306441100117107
"ENSMUSG00000021756","Il6st","ENSG00000134352","IL6ST","Mid","P14_P56",0,0.185976489188749,1,0.700982219939163
"ENSMUSG00000021775","Nr1d2","ENSG00000174738","NR1D2","Mid","P14_P56",0,0.183424928674365,1,0.686259932753039
"ENSMUSG00000021838","Samd4","ENSG00000020577","SAMD4A","Mid","P14_P56",1,0.483654409965545,1,0.755060971296271
"ENSMUSG00000021866","Anxa11","ENSG00000122359","ANXA11","Mid","P14_P56",1,0.477180930773454,1,0.594576525447546
"ENSMUSG00000021895","Arhgef3","ENSG00000163947","ARHGEF3","Late","P14_P56",1,0.424276854589664,1,0.606726656158404
"ENSMUSG00000021943","Gdf10","ENSG00000266524","GDF10","Mid","P14_P56",1,0.487644397825188,1,0.636048466642749
"ENSMUSG00000021959","Lats2","ENSG00000150457","LATS2","Late","P14_P56",1,0.311088450805784,1,0.757710875233037
"ENSMUSG00000021991","Cacna2d3","ENSG00000157445","CACNA2D3","Mid","P14_P56",1,0.378986788389529,1,0.793184252565257
"ENSMUSG00000022096","Hr","ENSG00000168453","HR","Mid","P14_P56",1,0.47232862153854,1,0.626682521341458
"ENSMUSG00000022108","Itm2b","ENSG00000136156","ITM2B","Mid","P14_P56",0,0.24543656640557,1,0.807849792579509
"ENSMUSG00000022114","Spry2","ENSG00000136158","SPRY2","Late","P14_P56",0,0.19908949724612,1,0.860844245961074
"ENSMUSG00000022139","Mbnl2","ENSG00000139793","MBNL2","Mid","P14_P56",0,0.162607807641595,1,0.777054650822014
"ENSMUSG00000022180","Slc7a8","ENSG00000092068","SLC7A8","Mid","P14_P56",1,0.296156580895346,1,0.64730210548293
"ENSMUSG00000022208","Jph4","ENSG00000092051","JPH4","Mid","P14_P56",1,0.355323855953598,1,0.76032446554014
"ENSMUSG00000022237","Ankrd33b","ENSG00000164236","ANKRD33B","Mid","P14_P56",1,0.51976280720067,1,0.703560282659137
"ENSMUSG00000022265","Ank","ENSG00000154122","ANKH","Late","P14_P56",0,0.215532872257468,1,0.744547770959538
"ENSMUSG00000022330","Osr2","ENSG00000164920","OSR2","Mid","P14_P56",1,0.692118672616638,1,0.747511641585911
"ENSMUSG00000022376","Adcy8","ENSG00000155897","ADCY8","Late","P14_P56",1,0.501757522637913,1,0.737128243290668
"ENSMUSG00000022389","Tef","ENSG00000167074","TEF","Mid","P14_P56",0,0.251947861921686,1,0.723929081399026
"ENSMUSG00000022415","Syngr1","ENSG00000100321","SYNGR1","Mid","P14_P56",1,0.351011697931193,1,0.761927402831338
"ENSMUSG00000022416","Cacna1i","ENSG00000100346","CACNA1I","Late","P14_P56",1,0.53361524855832,1,0.658003704558573
"ENSMUSG00000022419","Deptor","ENSG00000155792","DEPTOR","Mid","P14_P56",0,0.163098673669908,1,0.666569388907034
"ENSMUSG00000022421","Nptxr","ENSG00000221890","NPTXR","Mid","P14_P56",1,0.441794210188086,1,0.746242475063275
"ENSMUSG00000022468","Endou","ENSG00000111405","ENDOU","Mid","P14_P56",0,0.174368837179002,0,0.346839455256494
"ENSMUSG00000022508","Bcl6","ENSG00000113916","BCL6","Late","P14_P56",1,0.36645177585945,1,0.815657825098569
"ENSMUSG00000022594","Lynx1","ENSG00000180155","LYNX1","Mid","P14_P56",0,0.215951340640073,1,0.632904861475447
"ENSMUSG00000022696","Sidt1","ENSG00000072858","SIDT1","Mid","P14_P56",1,0.381140415519069,1,0.658139955302111
"ENSMUSG00000022708","Zbtb20","ENSG00000181722","ZBTB20","Mid","P14_P56",0,0.195714211999106,1,0.815946825777408
"ENSMUSG00000022763","Aifm3","ENSG00000183773","AIFM3","Late","P14_P56",1,0.356829030722013,1,0.517008116870735
"ENSMUSG00000022770","Dlg1","ENSG00000075711","DLG1","Late","P14_P56",1,0.256672202664615,1,0.739196870279773
"ENSMUSG00000022797","Tfrc","ENSG00000072274","TFRC","Mid","P14_P56",0,0.183074618589607,1,0.72241505059215
"ENSMUSG00000022817","Itgb5","ENSG00000082781","ITGB5","Mid","P14_P56",1,0.557705884952918,1,0.678567206839138
"ENSMUSG00000022842","Ece2","ENSG00000145194","ECE2","Late","P14_P56",0,0.180783532005488,1,0.711912370090946
"ENSMUSG00000022861","Dgkg","ENSG00000058866","DGKG","Mid","P14_P56",1,0.449158809875954,1,0.595905071473684
"ENSMUSG00000022878","Adipoq","ENSG00000181092","ADIPOQ","Mid","P14_P56",0,0.0981797273940674,0,0.241135242912317
"ENSMUSG00000022895","Ets2","ENSG00000157557","ETS2","Late","P14_P56",0,0.191264268450394,1,0.737592903415056
"ENSMUSG00000023011","Faim2","ENSG00000135472","FAIM2","Late","P14_P56",1,0.303782627894459,0,0.41956299980124
"ENSMUSG00000023019","Gpd1","ENSG00000167588","GPD1","Late","P14_P56",0,0.187699103296248,0,0.363752964609979
"ENSMUSG00000023033","Scn8a","ENSG00000196876","SCN8A","Late","P14_P56",0,0.187309909519619,0,0.379433928259092
"ENSMUSG00000023249","Parp3","ENSG00000041880","PARP3","Mid","P14_P56",0,0.172076561269377,1,0.615324875815629
"ENSMUSG00000023328","Ache","ENSG00000087085","ACHE","Late","P14_P56",1,0.52043346328346,1,0.648205530217061
"ENSMUSG00000023845","Lnpep","ENSG00000113441","LNPEP","Mid","P14_P56",0,0.216536584097365,1,0.804096871109256
"ENSMUSG00000024034","Tmprss3","ENSG00000160183","TMPRSS3","Mid","P14_P56",0,0.190321078848586,0,0.262585862077099
"ENSMUSG00000024109","Nrxn1","ENSG00000179915","NRXN1","Late","P14_P56",0,0.2374156250993,1,0.825874709079234
"ENSMUSG00000024121","Atp6v0c","ENSG00000185883","ATP6V0C","Mid","P14_P56",1,0.232501301981665,1,0.722365098805061
"ENSMUSG00000024140","Epas1","ENSG00000116016","EPAS1","Mid","P14_P56",1,0.569922838761918,1,0.707789745418806
"ENSMUSG00000024190","Dusp1","ENSG00000120129","DUSP1","Mid","P14_P56",0,0.245285073585604,1,0.834363621745201
"ENSMUSG00000024235","Map3k8","ENSG00000107968","MAP3K8","Mid","P14_P56",0,0.20051067109823,1,0.678400636516773
"ENSMUSG00000024292","Cyp4f14","ENSG00000186115","CYP4F2","Mid","P14_P56",0,0.108678732517035,0,0.20458756801681
"ENSMUSG00000024302","Dtna","ENSG00000134769","DTNA","Mid","P14_P56",0,0.215281475376218,1,0.712851754344258
"ENSMUSG00000024339","Tap2","ENSG00000204267","TAP2","Mid","P14_P56",1,0.364436493481392,1,0.617532058323613
"ENSMUSG00000024403","Atp6v1g2","ENSG00000213760","ATP6V1G2","Mid","P14_P56",0,0.198233670140226,1,0.668676974006911
"ENSMUSG00000024597","Slc12a2","ENSG00000064651","SLC12A2","Mid","P14_P56",0,0.175715771621776,1,0.79489408392122
"ENSMUSG00000024610","Cd74","ENSG00000019582","CD74","Mid","P14_P56",0,0.158887948291233,0,0.196969679517463
"ENSMUSG00000024654","Asrgl1","ENSG00000162174","ASRGL1","Mid","P14_P56",0,0.204308801338254,1,0.677090086212881
"ENSMUSG00000024736","Tmem132a","ENSG00000006118","TMEM132A","Late","P14_P56",0,0.226031003580072,1,0.78942240791414
"ENSMUSG00000024743","Syt7","ENSG00000011347","SYT7","Late","P14_P56",1,0.487396965252752,1,0.70700282684978
"ENSMUSG00000024851","Pitpnm1","ENSG00000110697","PITPNM1","Late","P14_P56",1,0.482669374462977,1,0.597333885079457
"ENSMUSG00000024857","Cabp2","ENSG00000167791","CABP2","Mid","P14_P56",1,0.283185613730984,0,0.269597462447001
"ENSMUSG00000024867","Pip5k1b","ENSG00000107242","PIP5K1B","Late","P14_P56",1,0.433238933461584,1,0.730702745000955
"ENSMUSG00000024940","Ltbp3","ENSG00000168056","LTBP3","Mid","P14_P56",0,0.248646538027469,1,0.766401443745495
"ENSMUSG00000025026","Add3","ENSG00000148700","ADD3","Mid","P14_P56",0,0.203355419107209,1,0.771482005655733
"ENSMUSG00000025083","Afap1l2","ENSG00000169129","AFAP1L2","Mid","P14_P56",1,0.473845062787919,1,0.653655169911567
"ENSMUSG00000025085","Ablim1","ENSG00000099204","ABLIM1","Mid","P14_P56",1,0.290601889603491,1,0.580706610065463
"ENSMUSG00000025189","Cnnm1","ENSG00000119946","CNNM1","Late","P14_P56",1,0.406725095979866,1,0.723529617110148
"ENSMUSG00000025318","Jph3","ENSG00000154118","JPH3","Mid","P14_P56",1,0.56170230106617,1,0.741464145579996
"ENSMUSG00000025324","Atp10a","ENSG00000206190","ATP10A","Mid","P14_P56",1,0.258748664313499,1,0.637635239770522
"ENSMUSG00000025359","Pmel","ENSG00000185664","PMEL","Mid","P14_P56",0,0.158557257587074,0,0.292820512805074
"ENSMUSG00000025375","Aatk","ENSG00000181409","AATK","Mid","P14_P56",1,0.331366354110442,1,0.785271556352027
"ENSMUSG00000025401","Myo1a","ENSG00000166866","MYO1A","Mid","P14_P56",0,0.154252159291628,0,0.284268634437233
"ENSMUSG00000025402","Nab2","ENSG00000166886","NAB2","Late","P14_P56",1,0.557588055349242,1,0.686203944528667
"ENSMUSG00000025425","St8sia5","ENSG00000101638","ST8SIA5","Mid","P14_P56",1,0.472923513754294,1,0.650376873787301
"ENSMUSG00000025504","Eps8l2","ENSG00000177106","EPS8L2","Mid","P14_P56",0,0.209511276559496,0,0.336936210831934
"ENSMUSG00000025511","Tspan4","ENSG00000214063","TSPAN4","Mid","P14_P56",0,0.24817903290764,1,0.741995018653588
"ENSMUSG00000025558","Dock9","ENSG00000088387","DOCK9","Mid","P14_P56",1,0.407080459040296,1,0.713540623936517
"ENSMUSG00000025576","Rbfox3","ENSG00000167281","RBFOX3","Mid","P14_P56",1,0.39369540852096,1,0.908705757483202
"ENSMUSG00000025582","Nptx1","ENSG00000171246","NPTX1","Late","P14_P56",1,0.619691065862643,1,0.737712204777857
"ENSMUSG00000025586","Cpeb1","ENSG00000214575","CPEB1","Mid","P14_P56",1,0.544798100158018,1,0.677276579644755
"ENSMUSG00000025739","Gng13","ENSG00000127588","GNG13","Mid","P14_P56",1,0.450807309456015,0,0.356378100380326
"ENSMUSG00000025855","Prkar1b","ENSG00000188191","PRKAR1B","Late","P14_P56",0,0.206831266300873,1,0.722254323058551
"ENSMUSG00000025875","Tspan17","ENSG00000048140","TSPAN17","Late","P14_P56",1,0.369442427551378,1,0.553424180288748
"ENSMUSG00000025892","Gria4","ENSG00000152578","GRIA4","Mid","P14_P56",0,0.273162035768349,1,0.810738754579474
"ENSMUSG00000025912","Mybl1","ENSG00000185697","MYBL1","Mid","P14_P56",0,0.210902008282262,1,0.753358629330568
"ENSMUSG00000025931","Paqr8","ENSG00000170915","PAQR8","Mid","P14_P56",1,0.368192257478342,1,0.701430006768868
"ENSMUSG00000025964","Adam23","ENSG00000114948","ADAM23","Late","P14_P56",1,0.30391450251763,1,0.725557704203009
"ENSMUSG00000026090","2010300C02Rik","ENSG00000196872","CRACDL","Mid","P14_P56",1,0.426257641827085,1,0.641754836165448
"ENSMUSG00000026141","Col19a1","ENSG00000082293","COL19A1","Mid","P14_P56",1,0.43612631815451,1,0.672306870981368
"ENSMUSG00000026158","Ogfrl1","ENSG00000119900","OGFRL1","Late","P14_P56",0,0.1843171752055,1,0.709785375319342
"ENSMUSG00000026163","Sphkap","ENSG00000153820","SPHKAP","Mid","P14_P56",0,0.233980210187594,1,0.751011270540424
"ENSMUSG00000026202","Tuba4a","ENSG00000127824","TUBA4A","Mid","P14_P56",1,0.53180544732148,1,0.680922164525357
"ENSMUSG00000026204","Ptprn","ENSG00000054356","PTPRN","Late","P14_P56",1,0.577302566204658,1,0.629978124642557
"ENSMUSG00000026321","Tnfrsf11a","ENSG00000141655","TNFRSF11A","Mid","P14_P56",1,0.406598181898164,1,0.592548094936026
"ENSMUSG00000026347","Tmem163","ENSG00000152128","TMEM163","Late","P14_P56",1,0.54881285328861,1,0.686868704401025
"ENSMUSG00000026452","Syt2","ENSG00000143858","SYT2","Mid","P14_P56",1,0.428397370318566,1,0.671868061407193
"ENSMUSG00000026458","Ppfia4","ENSG00000143847","PPFIA4","Mid","P14_P56",0,0.22255437737973,1,0.455594897607568
"ENSMUSG00000026463","Atp2b4","ENSG00000058668","ATP2B4","Late","P14_P56",1,0.397376779729807,1,0.578702522159082
"ENSMUSG00000026489","Adck3","ENSG00000163050","COQ8A","Mid","P14_P56",0,0.14760902634436,1,0.586256792582242
"ENSMUSG00000026576","Atp1b1","ENSG00000143153","ATP1B1","Late","P14_P56",1,0.361180351502087,1,0.737015383116795
"ENSMUSG00000026579","F5","ENSG00000198734","F5","Mid","P14_P56",0,0.158257138749883,0,0.245014672864758
"ENSMUSG00000026640","Plxna2","ENSG00000076356","PLXNA2","Mid","P14_P56",1,0.271993880545295,1,0.824077400477926
"ENSMUSG00000026697","Myoc","ENSG00000034971","MYOC","Mid","P14_P56",1,0.408091629028955,0,0.365116215218013
"ENSMUSG00000026725","Tnn","ENSG00000120332","TNN","Mid","P14_P56",0,0.0996363939710364,0,0.205000186849341
"ENSMUSG00000026825","Dnm1","ENSG00000106976","DNM1","Late","P14_P56",1,0.461361569133963,1,0.660630233379717
"ENSMUSG00000026827","Gpd2","ENSG00000115159","GPD2","Mid","P14_P56",0,0.20882936279815,1,0.70245136469899
"ENSMUSG00000026834","Acvr1c","ENSG00000123612","ACVR1C","Mid","P14_P56",1,0.28961771422975,1,0.623821818377092
"ENSMUSG00000026883","Dab2ip","ENSG00000136848","DAB2IP","Late","P14_P56",0,0.264347528854156,1,0.762107005750441
"ENSMUSG00000026885","Ttll11","ENSG00000175764","TTLL11","Late","P14_P56",0,0.174975640245758,1,0.720352083659043
"ENSMUSG00000026904","Slc4a10","ENSG00000144290","SLC4A10","Mid","P14_P56",0,0.201848309410303,1,0.633500417035418
"ENSMUSG00000026939","Tmem141","ENSG00000244187","TMEM141","Late","P14_P56",0,0.139751283655309,0,0.388041603562993
"ENSMUSG00000026944","Abca2","ENSG00000107331","ABCA2","Late","P14_P56",0,0.221745919167531,1,0.691380021906508
"ENSMUSG00000026950","Neb","ENSG00000183091","NEB","Mid","P14_P56",0,0.169385461875822,0,0.289800568196128
"ENSMUSG00000026959","Grin1","ENSG00000176884","GRIN1","Mid","P14_P56",1,0.603855401957692,1,0.691371992018058
"ENSMUSG00000027007","Ssfa2","ENSG00000138434","ITPRID2","Mid","P14_P56",0,0.17578728073052,1,0.727104725874589
"ENSMUSG00000027016","Zfp385b","ENSG00000144331","ZNF385B","Mid","P14_P56",1,0.391212848720573,1,0.693368646544061
"ENSMUSG00000027134","Lpcat4","ENSG00000176454","LPCAT4","Late","P14_P56",0,0.15891978803047,1,0.71450078376937
"ENSMUSG00000027177","Hipk3","ENSG00000110422","HIPK3","Late","P14_P56",0,0.200554165773742,1,0.801806702475752
"ENSMUSG00000027208","Fgf7","ENSG00000140285","FGF7","Mid","P14_P56",0,0.144506928711172,0,0.300310187440691
"ENSMUSG00000027273","Snap25","ENSG00000132639","SNAP25","Mid","P14_P56",1,0.300124041692453,1,0.798806465124416
"ENSMUSG00000027296","Itpka","ENSG00000137825","ITPKA","Mid","P14_P56",1,0.576325283980762,1,0.694775211801688
"ENSMUSG00000027298","Tyro3","ENSG00000092445","TYRO3","Late","P14_P56",1,0.33150764797142,1,0.7364758613991
"ENSMUSG00000027335","Adra1d","ENSG00000171873","ADRA1D","Mid","P14_P56",1,0.557858093949737,1,0.608080276194642
"ENSMUSG00000027340","Slc23a2","ENSG00000089057","SLC23A2","Mid","P14_P56",1,0.335790924280728,1,0.750501308043826
"ENSMUSG00000027347","Rasgrp1","ENSG00000172575","RASGRP1","Mid","P14_P56",1,0.425390797652305,1,0.601585035172286
"ENSMUSG00000027350","Chgb","ENSG00000089199","CHGB","Late","P14_P56",0,0.220334399737057,1,0.669020861511684
"ENSMUSG00000027364","Usp50","ENSG00000170236","USP50","Mid","P14_P56",0,0.137778893290345,0,0.244023263415213
"ENSMUSG00000027376","Prom2","ENSG00000155066","PROM2","Mid","P14_P56",1,0.29850227473765,0,0.337036734745899
"ENSMUSG00000027377","Mall","ENSG00000144063","MALL","Mid","P14_P56",1,0.379273751800598,0,0.332354908769005
"ENSMUSG00000027399","Il1a","ENSG00000115008","IL1A","Mid","P14_P56",0,0.161604613003003,0,0.237325214069015
"ENSMUSG00000027412","Lpin3","ENSG00000132793","LPIN3","Mid","P14_P56",1,0.327601135095538,1,0.469281361917588
"ENSMUSG00000027463","Slc52a3","ENSG00000101276","SLC52A3","Mid","P14_P56",1,0.359480802280553,0,0.382306549469541
"ENSMUSG00000027562","Car2","ENSG00000104267","CA2","Mid","P14_P56",1,0.350005953237736,1,0.680324150165148
"ENSMUSG00000027612","Mmp24","ENSG00000125966","MMP24","Mid","P14_P56",1,0.436633444187655,1,0.790864984645245
"ENSMUSG00000027624","Epb4.1l1","ENSG00000088367","EPB41L1","Mid","P14_P56",0,0.252081491693202,1,0.773564084553897
"ENSMUSG00000027762","Sucnr1","ENSG00000198829","SUCNR1","Mid","P14_P56",0,0.140791657888904,0,0.298947518540229
"ENSMUSG00000027827","Kcnab1","ENSG00000169282","KCNAB1","Mid","P14_P56",0,0.191258477414117,1,0.658702657420376
"ENSMUSG00000027843","Ptpn22","ENSG00000134242","PTPN22","Mid","P14_P56",0,0.148330329242597,0,0.229296868585536
"ENSMUSG00000027861","Casq2","ENSG00000118729","CASQ2","Mid","P14_P56",0,0.207926062982316,0,0.346544803320954
"ENSMUSG00000027895","Kcnc4","ENSG00000116396","KCNC4","Mid","P14_P56",1,0.591961186305092,1,0.689882526746596
"ENSMUSG00000027936","Crtc2","ENSG00000160741","CRTC2","Late","P14_P56",0,0.200237082497648,1,0.696084595434288
"ENSMUSG00000027963","Extl2","ENSG00000162694","EXTL2","Late","P14_P56",0,0.180889616850428,1,0.757049121690306
"ENSMUSG00000027965","Olfm3","ENSG00000118733","OLFM3","Late","P14_P56",0,0.152232721470066,1,0.612320905715002
"ENSMUSG00000028020","Glrb","ENSG00000109738","GLRB","Late","P14_P56",0,0.218492768607749,1,0.690185690623186
"ENSMUSG00000028042","Zbtb7b","ENSG00000160685","ZBTB7B","Mid","P14_P56",1,0.396626531392509,1,0.736286600563845
"ENSMUSG00000028088","Fmo5","ENSG00000131781","FMO5","Mid","P14_P56",0,0.134572708174907,0,0.298843452302248
"ENSMUSG00000028132","Tmem56","ENSG00000152078","TLCD4","Mid","P14_P56",1,0.460043808036028,1,0.724430185030152
"ENSMUSG00000028195","Cyr61","ENSG00000142871","CCN1","Mid","P14_P56",1,0.55235219966443,1,0.707757232600367
"ENSMUSG00000028278","Rragd","ENSG00000025039","RRAGD","Late","P14_P56",1,0.335909316010247,1,0.728922432295313
"ENSMUSG00000028328","Tmod1","ENSG00000136842","TMOD1","Mid","P14_P56",1,0.502485510985621,1,0.659718227630221
"ENSMUSG00000028341","Nr4a3","ENSG00000119508","NR4A3","Late","P14_P56",1,0.573049945826866,1,0.845011116369633
"ENSMUSG00000028412","Slc44a1","ENSG00000070214","SLC44A1","Mid","P14_P56",0,0.218788190612753,1,0.798249478977303
"ENSMUSG00000028434","Epb4.1l4b","ENSG00000095203","EPB41L4B","Late","P14_P56",1,0.371199717248888,1,0.739973194737148
"ENSMUSG00000028488","Sh3gl2","ENSG00000107295","SH3GL2","Mid","P14_P56",0,0.252917717818774,1,0.81320330141592
"ENSMUSG00000028519","Dab1","ENSG00000173406","DAB1","Late","P14_P56",1,0.48585430379019,1,0.734838246089681
"ENSMUSG00000028525","Pde4b","ENSG00000184588","PDE4B","Mid","P14_P56",1,0.434996770585563,1,0.707486346161138
"ENSMUSG00000028527","Ak4","ENSG00000233381","AK4P3","Late","P14_P56",1,0.388047981533575,1,0.698764270939549
"ENSMUSG00000028645","Slc2a1","ENSG00000117394","SLC2A1","Mid","P14_P56",1,0.37346221343575,1,0.694957468551986
"ENSMUSG00000028655","Mfsd2a","ENSG00000168389","MFSD2A","Mid","P14_P56",1,0.398815166386288,1,0.64864151331381
"ENSMUSG00000028701","1520402A15Rik","ENSG00000171357","LURAP1","Mid","P14_P56",0,0.217420556229701,1,0.638960118722791
"ENSMUSG00000028776","Tinagl1","ENSG00000142910","TINAGL1","Mid","P14_P56",1,0.488744054639755,0,0.397712221585672
"ENSMUSG00000028919","Arhgef19","ENSG00000142632","ARHGEF19","Mid","P14_P56",1,0.501660890742257,1,0.544444495398285
"ENSMUSG00000028946","Hes3","ENSG00000173673","HES3","Mid","P14_P56",1,0.571697270230616,0,0.439996607769032
"ENSMUSG00000028980","H6pd","ENSG00000049239","H6PD","Mid","P14_P56",0,0.230269626388655,1,0.658749810920414
"ENSMUSG00000029054","Gabrd","ENSG00000187730","GABRD","Mid","P14_P56",1,0.49724865772131,1,0.59265632193529
"ENSMUSG00000029055","Plch2","ENSG00000149527","PLCH2","Late","P14_P56",0,0.223306614547541,1,0.46166505355127
"ENSMUSG00000029088","Kcnip4","ENSG00000185774","KCNIP4","Late","P14_P56",0,0.195764214976896,1,0.598959233377703
"ENSMUSG00000029135","Fosl2","ENSG00000075426","FOSL2","Mid","P14_P56",0,0.229087448440688,1,0.801189279625439
"ENSMUSG00000029189","Sel1l3","ENSG00000091490","SEL1L3","Mid","P14_P56",1,0.428877848625037,1,0.78430087438516
"ENSMUSG00000029238","Clock","ENSG00000134852","CLOCK","Mid","P14_P56",0,0.199021857755705,1,0.791585842627327
"ENSMUSG00000029314","Agpat9","ENSG00000138678","GPAT3","Mid","P14_P56",1,0.508230975031626,1,0.631930524980419
"ENSMUSG00000029319","Coq2","ENSG00000173085","COQ2","Late","P14_P56",0,0.193578540557745,1,0.654703696423424
"ENSMUSG00000029330","Cds1","ENSG00000163624","CDS1","Late","P14_P56",1,0.534598195859389,1,0.702649735203684
"ENSMUSG00000029361","Nos1","ENSG00000089250","NOS1","Mid","P14_P56",1,0.409101086802094,1,0.646204386992507
"ENSMUSG00000029419","Gm996","ENSG00000232434","AJM1","Mid","P14_P56",1,0.571005234134973,1,0.788192802870211
"ENSMUSG00000029436","Mmp17","ENSG00000198598","MMP17","Late","P14_P56",1,0.531555649425206,1,0.699146527414902
"ENSMUSG00000029471","Camkk2","ENSG00000110931","CAMKK2","Late","P14_P56",1,0.383038181059882,1,0.718974479722383
"ENSMUSG00000029544","Cabp1","ENSG00000157782","CABP1","Late","P14_P56",1,0.500140318826861,1,0.663505437893197
"ENSMUSG00000029602","Rasal1","ENSG00000111344","RASAL1","Mid","P14_P56",1,0.490411579166802,0,0.419485822425964
"ENSMUSG00000029634","Rnf6","ENSG00000127870","RNF6","Mid","P14_P56",0,0.203348727241255,1,0.715473798515605
"ENSMUSG00000029700","Slc13a1","ENSG00000081800","SLC13A1","Mid","P14_P56",0,0.128154553387447,0,0.265674529036049
"ENSMUSG00000029757","Dync1i1","ENSG00000158560","DYNC1I1","Late","P14_P56",0,0.199879126324792,1,0.572665885229193
"ENSMUSG00000030004","Nat8","ENSG00000144035","NAT8","Mid","P14_P56",0,0.127613428455916,0,0.201241591579125
"ENSMUSG00000030084","Plxna1","ENSG00000114554","PLXNA1","Late","P14_P56",1,0.499650229700711,1,0.756106285196772
"ENSMUSG00000030092","Cntn6","ENSG00000134115","CNTN6","Late","P14_P56",0,0.140317236220229,1,0.590795183141814
"ENSMUSG00000030093","Wnt7a","ENSG00000154764","WNT7A","Late","P14_P56",1,0.590931922952878,1,0.671135535702987
"ENSMUSG00000030102","Itpr1","ENSG00000150995","ITPR1","Mid","P14_P56",0,0.222022712965611,1,0.743897909472654
"ENSMUSG00000030134","Rasgef1a","ENSG00000198915","RASGEF1A","Late","P14_P56",1,0.401545585680039,1,0.601006105666942
"ENSMUSG00000030137","Tuba8","ENSG00000183785","TUBA8","Mid","P14_P56",1,0.337543196935043,1,0.573989331136401
"ENSMUSG00000030218","Mgp","ENSG00000111341","MGP","Mid","P14_P56",0,0.189943261186093,0,0.32461673264964
"ENSMUSG00000030256","Bhlhe41","ENSG00000123095","BHLHE41","Mid","P14_P56",1,0.494375146468085,1,0.810346591819361
"ENSMUSG00000030281","Il17rc","ENSG00000163702","IL17RC","Mid","P14_P56",1,0.246965827360975,0,0.388481841698981
"ENSMUSG00000030302","Atp2b2","ENSG00000157087","ATP2B2","Late","P14_P56",1,0.355163508100375,1,0.797686660202067
"ENSMUSG00000030310","Slc6a1","ENSG00000157103","SLC6A1","Late","P14_P56",1,0.490839046705212,1,0.673283944073502
"ENSMUSG00000030337","Vamp1","ENSG00000139190","VAMP1","Late","P14_P56",0,0.165919645960263,1,0.649805479841572
"ENSMUSG00000030353","Tead4","ENSG00000197905","TEAD4","Mid","P14_P56",1,0.514317834049283,1,0.660250413013319
"ENSMUSG00000030376","Slc8a2","ENSG00000118160","SLC8A2","Late","P14_P56",1,0.350347001060534,1,0.653096362768752
"ENSMUSG00000030428","Ttyh1","ENSG00000167614","TTYH1","Mid","P14_P56",1,0.416643302983238,1,0.580883288380579
"ENSMUSG00000030431","2210411K11Rik","ENSG00000233493","TMEM238","Mid","P14_P56",1,0.237632842243745,1,0.620267520934378
"ENSMUSG00000030530","Furin","ENSG00000140564","FURIN","Mid","P14_P56",0,0.235689664386761,1,0.778876113392002
"ENSMUSG00000030655","Smg1","ENSG00000157106","SMG1","Late","P14_P56",0,0.208883302692073,1,0.767584307408761
"ENSMUSG00000030683","Sez6l2","ENSG00000174938","SEZ6L2","Late","P14_P56",1,0.376224455076042,1,0.738782746507034
"ENSMUSG00000030688","Stard10","ENSG00000214530","STARD10","Late","P14_P56",1,0.344950146760138,1,0.687187144212485
"ENSMUSG00000030701","Plekhb1","ENSG00000021300","PLEKHB1","Mid","P14_P56",0,0.170456424375952,0,0.349286921228698
"ENSMUSG00000030731","Syt3","ENSG00000213023","SYT3","Mid","P14_P56",1,0.277231681717259,1,0.640061348562322
"ENSMUSG00000030732","Chrdl2","ENSG00000054938","CHRDL2","Mid","P14_P56",1,0.503043113902182,1,0.59041103146189
"ENSMUSG00000030739","Myh14","ENSG00000105357","MYH14","Mid","P14_P56",1,0.30394888448212,1,0.492270826223024
"ENSMUSG00000030748","Il4ra","ENSG00000077238","IL4R","Mid","P14_P56",1,0.305390720335529,1,0.579879776783017
"ENSMUSG00000030806","Stx1b","ENSG00000099365","STX1B","Mid","P14_P56",0,0.177022139947975,1,0.650317390032809
"ENSMUSG00000030834","Abcc6","ENSG00000091262","ABCC6","Mid","P14_P56",1,0.303936470986339,0,0.263388387820782
"ENSMUSG00000030956","Fam53b","ENSG00000189319","FAM53B","Mid","P14_P56",0,0.252250904128408,1,0.830722467546447
"ENSMUSG00000030987","Stim1","ENSG00000167323","STIM1","Mid","P14_P56",1,0.262524671430112,1,0.703651520684315
"ENSMUSG00000031024","St5","ENSG00000166444","DENND2B","Mid","P14_P56",1,0.260355682805788,1,0.565908800100334
"ENSMUSG00000031070","Mrgprf","ENSG00000172935","MRGPRF","Mid","P14_P56",0,0.167351203070966,0,0.29987734149585
"ENSMUSG00000031144","Syp","ENSG00000102003","SYP","Mid","P14_P56",0,0.24600433113247,1,0.727220303648659
"ENSMUSG00000031147","Magix","ENSG00000269313","MAGIX","Mid","P14_P56",1,0.283140324221151,0,0.279009787190451
"ENSMUSG00000031169","Porcn","ENSG00000102312","PORCN","Mid","P14_P56",0,0.195821768522417,1,0.614989820799182
"ENSMUSG00000031376","Atp2b3","ENSG00000067842","ATP2B3","Mid","P14_P56",1,0.418590498126178,1,0.564941785101467
"ENSMUSG00000031438","Rnf128","ENSG00000133135","RNF128","Mid","P14_P56",1,0.329002979374825,1,0.6473538662783
"ENSMUSG00000031441","Atp11a","ENSG00000068650","ATP11A","Late","P14_P56",0,0.228778799084039,1,0.715779286371862
"ENSMUSG00000031538","Plat","ENSG00000104368","PLAT","Mid","P14_P56",0,0.202077812379816,1,0.586781279881602
"ENSMUSG00000031543","Ank1","ENSG00000029534","ANK1","Late","P14_P56",1,0.556166275935091,1,0.73625708431238
"ENSMUSG00000031778","Cx3cl1","ENSG00000006210","CX3CL1","Late","P14_P56",1,0.49825617766201,1,0.548506039254611
"ENSMUSG00000031883","Car7","ENSG00000168748","CA7","Mid","P14_P56",0,0.195693371289858,1,0.744993502555837
"ENSMUSG00000031962","Cdh15","ENSG00000129910","CDH15","Mid","P14_P56",0,0.177173170279482,0,0.356748647354161
"ENSMUSG00000031980","Agt","ENSG00000135744","AGT","Mid","P14_P56",0,0.157906907699317,0,0.37750908939139
"ENSMUSG00000032006","Pdgfd","ENSG00000170962","PDGFD","Mid","P14_P56",0,0.122427229114713,1,0.492036741754738
"ENSMUSG00000032010","Usp2","ENSG00000036672","USP2","Mid","P14_P56",1,0.477420416058553,1,0.660842746929136
"ENSMUSG00000032011","Thy1","ENSG00000154096","THY1","Mid","P14_P56",1,0.446121525814745,1,0.619270492397125
"ENSMUSG00000032021","Crtam","ENSG00000109943","CRTAM","Mid","P14_P56",0,0.166817929570122,0,0.270837302176031
"ENSMUSG00000032085","Tagln","ENSG00000149591","TAGLN","Mid","P14_P56",1,0.322517217341812,0,0.320130108629505
"ENSMUSG00000032089","Il10ra","ENSG00000110324","IL10RA","Mid","P14_P56",1,0.414483242033975,1,0.499059022922966
"ENSMUSG00000032135","Mcam","ENSG00000076706","MCAM","Mid","P14_P56",1,0.521817644668155,1,0.593515044360888
"ENSMUSG00000032184","Lysmd2","ENSG00000140280","LYSMD2","Mid","P14_P56",0,0.194304774293291,1,0.706935035018872
"ENSMUSG00000032194","Kank2","ENSG00000197256","KANK2","Late","P14_P56",1,0.391233081517454,1,0.601543868905061
"ENSMUSG00000032207","Lipc","ENSG00000166035","LIPC","Mid","P14_P56",0,0.126440364457339,0,0.249875717907957
"ENSMUSG00000032313","AI118078","ENSG00000169758","TMEM266","Late","P14_P56",1,0.300071755838014,1,0.699383468786219
"ENSMUSG00000032336","Nptn","ENSG00000156642","NPTN","Late","P14_P56",0,0.22216370122622,1,0.771519152269721
"ENSMUSG00000032356","Rasgrf1","ENSG00000058335","RASGRF1","Mid","P14_P56",1,0.524550293322704,1,0.662736477745842
"ENSMUSG00000032420","Nt5e","ENSG00000135318","NT5E","Mid","P14_P56",1,0.340315462239974,1,0.630415640812546
"ENSMUSG00000032487","Ptgs2","ENSG00000073756","PTGS2","Mid","P14_P56",0,0.204125347501169,1,0.514801715820367
"ENSMUSG00000032495","Lrrc2","ENSG00000163827","LRRC2","Mid","P14_P56",1,0.274942931330515,0,0.295280875480696
"ENSMUSG00000032515","Csrnp1","ENSG00000144655","CSRNP1","Mid","P14_P56",1,0.482831548599956,1,0.663492469133009
"ENSMUSG00000032523","Hhatl","ENSG00000010282","HHATL","Mid","P14_P56",1,0.335338272148208,0,0.334676649843878
"ENSMUSG00000032589","Bsn","ENSG00000164061","BSN","Late","P14_P56",1,0.29463080423903,1,0.718904951781127
"ENSMUSG00000032648","Pygm","ENSG00000068976","PYGM","Mid","P14_P56",0,0.162060797411848,0,0.338671176806634
"ENSMUSG00000032652","Crebl2","ENSG00000111269","CREBL2","Late","P14_P56",0,0.137735794202953,1,0.681939390116812
"ENSMUSG00000032714","Syde1","ENSG00000105137","SYDE1","Mid","P14_P56",1,0.46866646966516,1,0.535104040536689
"ENSMUSG00000032718","Mansc1","ENSG00000111261","MANSC1","Mid","P14_P56",0,0.186137342914102,1,0.583244170623361
"ENSMUSG00000032754","Slc24a6","ENSG00000089060","SLC8B1","Mid","P14_P56",1,0.308676826020945,1,0.48869740720079
"ENSMUSG00000032812","Arap1","ENSG00000186635","ARAP1","Mid","P14_P56",1,0.379778189582832,1,0.584364769310517
"ENSMUSG00000032818","Loxhd1","ENSG00000167210","LOXHD1","Mid","P14_P56",1,0.243057751619708,0,0.357695647029315
"ENSMUSG00000032849","Abcc4","ENSG00000125257","ABCC4","Mid","P14_P56",1,0.464320214508345,1,0.659390564789773
"ENSMUSG00000032855","Pkd1","ENSG00000008710","PKD1","Late","P14_P56",1,0.343909048322617,1,0.769390180982493
"ENSMUSG00000032890","Rims3","ENSG00000117016","RIMS3","Late","P14_P56",1,0.370673010445644,1,0.662119964867218
"ENSMUSG00000032902","Slc16a1","ENSG00000155380","SLC16A1","Mid","P14_P56",0,0.240952685479166,1,0.772746422320779
"ENSMUSG00000032908","Sgpp2","ENSG00000163082","SGPP2","Late","P14_P56",1,0.323533444187254,1,0.696483261115026
"ENSMUSG00000033066","Gas7","ENSG00000007237","GAS7","Mid","P14_P56",1,0.342405363592531,0,0.361507698170848
"ENSMUSG00000033161","Atp1a1","ENSG00000163399","ATP1A1","Late","P14_P56",0,0.246982940166296,1,0.805653868993968
"ENSMUSG00000033174","Mgll","ENSG00000074416","MGLL","Mid","P14_P56",1,0.311519707995116,1,0.74027027871554
"ENSMUSG00000033316","Galnt9","ENSG00000182870","GALNT9","Late","P14_P56",1,0.511727753620038,1,0.643557604893824
"ENSMUSG00000033389","Arhgap44","ENSG00000006740","ARHGAP44","Late","P14_P56",0,0.230730401274798,1,0.712685377175297
"ENSMUSG00000033491","Prss35","ENSG00000146250","PRSS35","Mid","P14_P56",0,0.190718551140282,0,0.388357971772693
"ENSMUSG00000033526","Ppip5k1","ENSG00000168781","PPIP5K1","Late","P14_P56",1,0.343031624418024,1,0.681828018726506
"ENSMUSG00000033595","Lgi3","ENSG00000168481","LGI3","Mid","P14_P56",1,0.278156820478242,1,0.503402711332252
"ENSMUSG00000033730","Egr3","ENSG00000179388","EGR3","Mid","P14_P56",1,0.616577356844811,1,0.768736136339232
"ENSMUSG00000033768","Nrxn2","ENSG00000110076","NRXN2","Late","P14_P56",1,0.360109426852085,1,0.824118646126147
"ENSMUSG00000033805","Ephx4","ENSG00000172031","EPHX4","Mid","P14_P56",1,0.424279551419018,1,0.66095044256978
"ENSMUSG00000033871","Ppargc1b","ENSG00000155846","PPARGC1B","Mid","P14_P56",1,0.466033948088557,1,0.739680698598281
"ENSMUSG00000033998","Kcnk1","ENSG00000135750","KCNK1","Mid","P14_P56",1,0.347785639309965,1,0.839117456405666
"ENSMUSG00000034059","Ypel4","ENSG00000166793","YPEL4","Late","P14_P56",1,0.342316074458167,1,0.84090815234666
"ENSMUSG00000034145","Tmem63c","ENSG00000165548","TMEM63C","Mid","P14_P56",1,0.340308457449457,0,0.407059712567448
"ENSMUSG00000034161","Scx","ENSG00000260428","SCX","Late","P14_P56",1,0.39453021745589,1,0.534728907584032
"ENSMUSG00000034177","Rnf43","ENSG00000108375","RNF43","Mid","P14_P56",1,0.28005412194007,1,0.45748322603316
"ENSMUSG00000034265","Zdhhc14","ENSG00000175048","ZDHHC14","Late","P14_P56",0,0.237517093163058,1,0.781737576946076
"ENSMUSG00000034275","Igsf9b","ENSG00000080854","IGSF9B","Late","P14_P56",1,0.373759663510242,1,0.733604008138678
"ENSMUSG00000034330","Plcg2","ENSG00000197943","PLCG2","Mid","P14_P56",1,0.48925599237093,1,0.530901124984556
"ENSMUSG00000034384","Barhl2","ENSG00000143032","BARHL2","Mid","P14_P56",1,0.558577781065118,1,0.959873661941758
"ENSMUSG00000034427","Myo15b","ENSG00000266714","MYO15B","Mid","P14_P56",1,0.588330081924177,0,0.310665779586855
"ENSMUSG00000034570","Inpp5j","ENSG00000185133","INPP5J","Late","P14_P56",0,0.149213502412273,0,0.289401807295876
"ENSMUSG00000034579","Pla2g3","ENSG00000100078","PLA2G3","Mid","P14_P56",0,0.178799305843978,0,0.315539191460052
"ENSMUSG00000034584","Exph5","ENSG00000110723","EXPH5","Late","P14_P56",1,0.263735849111885,1,0.483879443152335
"ENSMUSG00000034614","Pik3ip1","ENSG00000100100","PIK3IP1","Late","P14_P56",0,0.185113459400236,0,0.401190743210524
"ENSMUSG00000034634","Ly6d","ENSG00000167656","LY6D","Mid","P14_P56",0,0.150568737561629,0,0.240580032964146
"ENSMUSG00000034656","Cacna1a","ENSG00000141837","CACNA1A","Mid","P14_P56",1,0.48065250797709,1,0.78020110640524
"ENSMUSG00000034659","Tmem109","ENSG00000110108","TMEM109","Late","P14_P56",0,0.192726585588324,1,0.661818612338245
"ENSMUSG00000034714","Ttyh2","ENSG00000141540","TTYH2","Mid","P14_P56",0,0.230117456660784,1,0.785220902914272
"ENSMUSG00000034855","Cxcl10","ENSG00000169245","CXCL10","Mid","P14_P56",0,0.129388650160308,0,0.344538214149124
"ENSMUSG00000034987","Hrh2","ENSG00000113749","HRH2","Mid","P14_P56",1,0.39517498664258,0,0.436056885680373
"ENSMUSG00000035131","Fam5c","ENSG00000162670","BRINP3","Mid","P14_P56",1,0.282505698508511,1,0.743542092452816
"ENSMUSG00000035158","Mitf","ENSG00000187098","MITF","Mid","P14_P56",0,0.202309889725195,1,0.672253820917727
"ENSMUSG00000035237","Lcat","ENSG00000213398","LCAT","Mid","P14_P56",0,0.18365104295192,0,0.378609782857241
"ENSMUSG00000035279","A430110N23Rik","ENSG00000179954","SSC5D","Mid","P14_P56",0,0.216531911787328,0,0.38382175200702
"ENSMUSG00000035283","Adrb1","ENSG00000043591","ADRB1","Mid","P14_P56",1,0.587956229132746,1,0.705881898799577
"ENSMUSG00000035606","Ky","ENSG00000174611","KY","Mid","P14_P56",1,0.29671339118687,1,0.587085915292863
"ENSMUSG00000035615","Frmpd1","ENSG00000070601","FRMPD1","Mid","P14_P56",1,0.406893383049272,1,0.620835930972486
"ENSMUSG00000035686","Thrsp","ENSG00000151365","THRSP","Mid","P14_P56",0,0.195025987729041,1,0.579638823472909
"ENSMUSG00000035735","Dagla","ENSG00000134780","DAGLA","Late","P14_P56",1,0.402284680227895,1,0.640559934619939
"ENSMUSG00000035773","Kiss1r","ENSG00000116014","KISS1R","Mid","P14_P56",1,0.566336231880433,1,0.735618247684155
"ENSMUSG00000035783","Acta2","ENSG00000107796","ACTA2","Mid","P14_P56",0,0.152503795015835,0,0.250001422097952
"ENSMUSG00000035849","Krt222","ENSG00000213424","KRT222","Mid","P14_P56",1,0.252124924940012,1,0.475255133646328
"ENSMUSG00000035954","Dock4","ENSG00000128512","DOCK4","Late","P14_P56",0,0.202340991346504,1,0.826079658928715
"ENSMUSG00000035964","Tmem59l","ENSG00000105696","TMEM59L","Late","P14_P56",1,0.630775984778131,1,0.749515112367456
"ENSMUSG00000036095","Dgkb","ENSG00000136267","DGKB","Mid","P14_P56",0,0.189357934074885,1,0.632032219513053
"ENSMUSG00000036242","3632451O06Rik","ENSG00000139971","ARMH4","Late","P14_P56",0,0.18947731267147,1,0.605213899684701
"ENSMUSG00000036249","Rbm43","ENSG00000184898","RBM43","Mid","P14_P56",0,0.184163426449298,1,0.622281919881475
"ENSMUSG00000036273","Lrrk2","ENSG00000188906","LRRK2","Mid","P14_P56",0,0.191459989392806,1,0.577743270171665
"ENSMUSG00000036466","Megf11","ENSG00000157890","MEGF11","Late","P14_P56",1,0.558654000358295,1,0.723733533102424
"ENSMUSG00000036560","Lgi4","ENSG00000153902","LGI4","Mid","P14_P56",0,0.166924551087507,0,0.335574706266673
"ENSMUSG00000036570","Fxyd1","ENSG00000266964","FXYD1","Mid","P14_P56",1,0.518785897239066,1,0.611166013071445
"ENSMUSG00000036578","Fxyd7","ENSG00000221946","FXYD7","Late","P14_P56",1,0.518215725955753,1,0.605925682277794
"ENSMUSG00000036585","Fgf1","ENSG00000113578","FGF1","Mid","P14_P56",1,0.267063587161303,0,0.344929746020836
"ENSMUSG00000036745","Ttll7","ENSG00000137941","TTLL7","Mid","P14_P56",1,0.259220135263244,1,0.597174113639969
"ENSMUSG00000036800","Fam135b","ENSG00000147724","FAM135B","Late","P14_P56",1,0.358211058486541,1,0.534025221176684
"ENSMUSG00000036815","Dpp10","ENSG00000175497","DPP10","Late","P14_P56",1,0.41942983123363,1,0.671023023811808
"ENSMUSG00000036872","Abcc12","ENSG00000140798","ABCC12","Mid","P14_P56",0,0.136385843627539,0,0.284390978967152
"ENSMUSG00000036907","C1ql2","ENSG00000144119","C1QL2","Mid","P14_P56",1,0.616315677562651,1,0.654866927014429
"ENSMUSG00000036949","Slc39a12","ENSG00000148482","SLC39A12","Mid","P14_P56",0,0.16342642310662,0,0.301994216355448
"ENSMUSG00000037111","Setd7","ENSG00000145391","SETD7","Mid","P14_P56",0,0.248982755200273,1,0.796617638518847
"ENSMUSG00000037172","E330009J07Rik","ENSG00000257093","DENND11","Late","P14_P56",1,0.275102445612032,1,0.795112957109014
"ENSMUSG00000037224","Zfyve28","ENSG00000159733","ZFYVE28","Mid","P14_P56",1,0.496643139716136,1,0.72496835488042
"ENSMUSG00000037341","Slc9a7","ENSG00000065923","SLC9A7","Mid","P14_P56",1,0.28394262400899,1,0.663103097721266
"ENSMUSG00000037408","Cnnm4","ENSG00000158158","CNNM4","Late","P14_P56",0,0.208049095348614,1,0.755397912336122
"ENSMUSG00000037411","Serpine1","ENSG00000106366","SERPINE1","Mid","P14_P56",1,0.398355551052823,0,0.378291666051812
"ENSMUSG00000037419","Endod1","ENSG00000149218","ENDOD1","Mid","P14_P56",0,0.179152333340382,1,0.669060163655554
"ENSMUSG00000037447","Arid5a","ENSG00000196843","ARID5A","Mid","P14_P56",0,0.19435639338938,1,0.630563460571945
"ENSMUSG00000037583","Nr0b2","ENSG00000131910","NR0B2","Mid","P14_P56",1,0.29329217210203,0,0.233094639799857
"ENSMUSG00000037872","Darc","ENSG00000213088","ACKR1","Mid","P14_P56",0,0.146826936835472,0,0.339214604535814
"ENSMUSG00000037902","Sirpa","ENSG00000198053","SIRPA","Mid","P14_P56",1,0.293111233053707,1,0.728477074254323
"ENSMUSG00000037979","Ccdc92","ENSG00000119242","CCDC92","Mid","P14_P56",1,0.355369176807831,1,0.82939402829789
"ENSMUSG00000038026","Kcnj9","ENSG00000162728","KCNJ9","Late","P14_P56",1,0.319255042083461,1,0.605714035490268
"ENSMUSG00000038058","Nod1","ENSG00000106100","NOD1","Mid","P14_P56",0,0.190464034926298,1,0.59897040537309
"ENSMUSG00000038068","Rnf144b","ENSG00000137393","RNF144B","Mid","P14_P56",1,0.485785123292465,1,0.58801303391598
"ENSMUSG00000038128","Camk4","ENSG00000152495","CAMK4","Mid","P14_P56",1,0.27644037472823,1,0.743848823683953
"ENSMUSG00000038145","Snrk","ENSG00000163788","SNRK","Late","P14_P56",0,0.186526545677447,1,0.716517148674739
"ENSMUSG00000038174","Fam126b","ENSG00000155744","HYCC2","Mid","P14_P56",0,0.144610748233334,1,0.731920477339466
"ENSMUSG00000038178","Slc43a2","ENSG00000167703","SLC43A2","Late","P14_P56",0,0.242173492085112,1,0.741272949485916
"ENSMUSG00000038244","Mical2","ENSG00000133816","MICAL2","Late","P14_P56",1,0.373111085663661,1,0.639968729102966
"ENSMUSG00000038418","Egr1","ENSG00000120738","EGR1","Mid","P14_P56",0,0.219581834596154,1,0.83199997724773
"ENSMUSG00000038486","Sv2a","ENSG00000159164","SV2A","Mid","P14_P56",1,0.275783698367739,1,0.651473448313321
"ENSMUSG00000038776","Ephx1","ENSG00000143819","EPHX1","Mid","P14_P56",1,0.265800569913866,1,0.578850404341453
"ENSMUSG00000038843","Gcnt1","ENSG00000187210","GCNT1","Mid","P14_P56",1,0.325593743600192,1,0.452223353861631
"ENSMUSG00000038884","A230050P20Rik","ENSG00000130813","SHFL","Mid","P14_P56",1,0.457996181100723,1,0.52219340312916
"ENSMUSG00000038886","Man2a2","ENSG00000196547","MAN2A2","Late","P14_P56",1,0.265737329656243,1,0.715077820061193
"ENSMUSG00000038963","Slco4a1","ENSG00000101187","SLCO4A1","Mid","P14_P56",1,0.48822431903557,1,0.627579793007446
"ENSMUSG00000039126","Prune2","ENSG00000106772","PRUNE2","Late","P14_P56",0,0.208168463489565,1,0.491133992353338
"ENSMUSG00000039236","Isg20","ENSG00000172183","ISG20","Mid","P14_P56",1,0.234979064172277,0,0.372395876565695
"ENSMUSG00000039286","Fndc3b","ENSG00000075420","FNDC3B","Mid","P14_P56",1,0.336348833517143,1,0.743374278559016
"ENSMUSG00000039395","Mreg","ENSG00000118242","MREG","Mid","P14_P56",1,0.32365393685712,1,0.677126739545003
"ENSMUSG00000039470","Zdhhc2","ENSG00000104219","ZDHHC2","Late","P14_P56",1,0.368459025236657,1,0.731346104819422
"ENSMUSG00000039620","6430573F11Rik","ENSG00000250305","TRMT9B","Late","P14_P56",0,0.219664030092453,1,0.694641808324352
"ENSMUSG00000039629","Fam40b","ENSG00000128578","STRIP2","Mid","P14_P56",1,0.377669665546191,1,0.671236821564086
"ENSMUSG00000039809","Gabbr2","ENSG00000136928","GABBR2","Mid","P14_P56",1,0.504440341409433,1,0.785384907522442
"ENSMUSG00000039903","4931408A02Rik","ENSG00000166979","EVA1C","Mid","P14_P56",1,0.411951366774972,1,0.693365080980848
"ENSMUSG00000039943","Plcb4","ENSG00000101333","PLCB4","Late","P14_P56",1,0.292598549456559,1,0.76814261903506
"ENSMUSG00000039954","Stk32a","ENSG00000169302","STK32A","Mid","P14_P56",1,0.26638965019276,1,0.533415929982452
"ENSMUSG00000040111","Gramd1b","ENSG00000023171","GRAMD1B","Mid","P14_P56",0,0.18821381870022,1,0.609590491711266
"ENSMUSG00000040136","Abcc8","ENSG00000006071","ABCC8","Mid","P14_P56",1,0.332474115870827,1,0.642335239386437
"ENSMUSG00000040146","Rgl3","ENSG00000205517","RGL3","Late","P14_P56",1,0.546254558402655,1,0.62498277561983
"ENSMUSG00000040147","Maob","ENSG00000069535","MAOB","Mid","P14_P56",0,0.120174529573735,0,0.284783505189165
"ENSMUSG00000040249","Lrp1","ENSG00000123384","LRP1","Late","P14_P56",1,0.416569645098808,1,0.742021593999788
"ENSMUSG00000040260","Daam2","ENSG00000146122","DAAM2","Mid","P14_P56",1,0.317919051380387,1,0.520807858298281
"ENSMUSG00000040276","Pacsin1","ENSG00000124507","PACSIN1","Mid","P14_P56",1,0.337978132205952,1,0.709266455173917
"ENSMUSG00000040372","Gpr63","ENSG00000112218","GPR63","Mid","P14_P56",0,0.14506297813497,0,0.29374355475382
"ENSMUSG00000040380","Cbln3","ENSG00000139899","CBLN3","Mid","P14_P56",0,0.209334114998394,1,0.682611063680439
"ENSMUSG00000040420","Cdh18","ENSG00000145526","CDH18","Late","P14_P56",0,0.21374752200386,1,0.645044537571447
"ENSMUSG00000040537","Adam22","ENSG00000008277","ADAM22","Late","P14_P56",0,0.243713437409639,1,0.716629488072164
"ENSMUSG00000040543","Pitpnm3","ENSG00000091622","PITPNM3","Late","P14_P56",1,0.514166048542853,1,0.697331695764447
"ENSMUSG00000040666","Sh3bgr","ENSG00000185437","SH3BGR","Late","P14_P56",0,0.166658992561531,0,0.365045882290784
"ENSMUSG00000040712","Camta2","ENSG00000108509","CAMTA2","Late","P14_P56",0,0.216466729645154,1,0.719449593332701
"ENSMUSG00000040713","Creg1","ENSG00000143162","CREG1","Late","P14_P56",1,0.365149334130631,1,0.628671715912903
"ENSMUSG00000040724","Kcna2","ENSG00000177301","KCNA2","Late","P14_P56",1,0.538827038172588,1,0.667748280840354
"ENSMUSG00000040740","Slc25a34","ENSG00000162461","SLC25A34","Mid","P14_P56",0,0.132657795205659,0,0.288848778496397
"ENSMUSG00000040852","Plekhh2","ENSG00000152527","PLEKHH2","Mid","P14_P56",1,0.451497701400746,1,0.604565800444328
"ENSMUSG00000041046","Ramp3","ENSG00000122679","RAMP3","Late","P14_P56",1,0.30628397334938,1,0.514589681417775
"ENSMUSG00000041075","Fzd7","ENSG00000155760","FZD7","Mid","P14_P56",0,0.216275001860724,1,0.827758252129592
"ENSMUSG00000041205","Map6d1","ENSG00000180834","MAP6D1","Mid","P14_P56",0,0.241014432695266,1,0.72867641666456
"ENSMUSG00000041439","Mfsd6","ENSG00000151690","MFSD6","Late","P14_P56",0,0.237986060424058,1,0.747576951901724
"ENSMUSG00000041625","A2ld1","ENSG00000134864","GGACT","Late","P14_P56",1,0.356255606904786,1,0.594625572673388
"ENSMUSG00000041670","Rims1","ENSG00000079841","RIMS1","Mid","P14_P56",0,0.222362121926794,1,0.74832077745244
"ENSMUSG00000041741","Pde3a","ENSG00000172572","PDE3A","Mid","P14_P56",1,0.284757884918591,1,0.811811132104121
"ENSMUSG00000041920","Slc16a6","ENSG00000108932","SLC16A6","Mid","P14_P56",0,0.246411429764161,1,0.78406893357079
"ENSMUSG00000042010","Acacb","ENSG00000076555","ACACB","Mid","P14_P56",0,0.152554891999817,0,0.276042543329603
"ENSMUSG00000042046","Dstyk","ENSG00000133059","DSTYK","Mid","P14_P56",0,0.19371219806214,1,0.684754261106451
"ENSMUSG00000042228","Lyn","ENSG00000254087","LYN","Mid","P14_P56",1,0.424344560311049,1,0.61235960549286
"ENSMUSG00000042246","Tmc7","ENSG00000170537","TMC7","Mid","P14_P56",0,0.198168959693105,1,0.545323828064611
"ENSMUSG00000042256","3110082D06Rik","ENSG00000244694","PTCHD4","Mid","P14_P56",0,0.184564912398632,1,0.688598504860352
"ENSMUSG00000042271","Nxt2","ENSG00000101888","NXT2","Late","P14_P56",0,0.191959003037575,1,0.593294703387705
"ENSMUSG00000042289","Hsd3b7","ENSG00000099377","HSD3B7","Mid","P14_P56",0,0.169125765261225,0,0.418948617307212
"ENSMUSG00000042429","Adora1","ENSG00000163485","ADORA1","Late","P14_P56",1,0.500207395728811,1,0.625179617469552
"ENSMUSG00000042444","Fam63b","ENSG00000128923","MINDY2","Mid","P14_P56",0,0.228553232449368,1,0.784849252604176
"ENSMUSG00000042529","Kcnj12","ENSG00000184185","KCNJ12","Late","P14_P56",1,0.47406242875733,1,0.723182113645807
"ENSMUSG00000042532","Golga7b","ENSG00000155265","GOLGA7B","Late","P14_P56",1,0.51455926675922,1,0.639353963079262
"ENSMUSG00000042644","Itpr3","ENSG00000096433","ITPR3","Mid","P14_P56",1,0.524866432366423,1,0.632108266106916
"ENSMUSG00000042655","Fam159b","ENSG00000145642","SHISAL2B","Mid","P14_P56",1,0.28449638465476,1,0.590878316051777
"ENSMUSG00000042662","Dusp15","ENSG00000149599","DUSP15","Mid","P14_P56",1,0.305466318310801,1,0.658475709766439
"ENSMUSG00000042671","Rgs8","ENSG00000135824","RGS8","Mid","P14_P56",1,0.394336781404149,1,0.499662256281606
"ENSMUSG00000042817","Flt3","ENSG00000122025","FLT3","Mid","P14_P56",1,0.518457440687153,1,0.586371122901149
"ENSMUSG00000042846","Lrrtm3","ENSG00000198739","LRRTM3","Mid","P14_P56",1,0.312444356319427,1,0.75275345375714
"ENSMUSG00000043088","Il17re","ENSG00000163701","IL17RE","Mid","P14_P56",0,0.157244527750188,0,0.286194569705353
"ENSMUSG00000043144","Aqp6","ENSG00000086159","AQP6","Late","P14_P56",1,0.278080424353773,0,0.374071107446421
"ENSMUSG00000043252","Tmem64","ENSG00000180694","TMEM64","Mid","P14_P56",0,0.193992324488573,1,0.755845707114098
"ENSMUSG00000043415","Otud1","ENSG00000165312","OTUD1","Mid","P14_P56",1,0.429491900707759,1,0.746928797423093
"ENSMUSG00000043461","1110032A04Rik","ENSG00000196542","SPTSSB","Mid","P14_P56",1,0.221516886635438,1,0.640056508705677
"ENSMUSG00000043496","Tril","ENSG00000255690","TRIL","Mid","P14_P56",1,0.495998245884555,1,0.767351209638974
"ENSMUSG00000043629","1700019D03Rik","ENSG00000187699","C2orf88","Mid","P14_P56",1,0.227217748078835,1,0.581833876733849
"ENSMUSG00000043635","Adamts3","ENSG00000156140","ADAMTS3","Mid","P14_P56",1,0.367301580320747,1,0.700145359193991
"ENSMUSG00000043673","Kcns3","ENSG00000170745","KCNS3","Mid","P14_P56",1,0.45316789475689,1,0.622209569269199
"ENSMUSG00000043811","Rtn4r","ENSG00000040608","RTN4R","Late","P14_P56",1,0.360636627439196,1,0.77770585345483
"ENSMUSG00000043843","Tmem145","ENSG00000167619","TMEM145","Late","P14_P56",1,0.37667171268688,1,0.634296476204605
"ENSMUSG00000043873","Chi3l7","ENSG00000134216","CHIA","Mid","P14_P56",0,0.13105221121721,0,0.214429096187846
"ENSMUSG00000043991","Pura","ENSG00000185129","PURA","Mid","P14_P56",1,0.495263795318811,1,0.76624644768605
"ENSMUSG00000044005","Gls2","ENSG00000135423","GLS2","Late","P14_P56",1,0.421104981615182,1,0.674528398037597
"ENSMUSG00000044067","Gpr22","ENSG00000172209","GPR22","Late","P14_P56",0,0.114649609129718,1,0.491198669067851
"ENSMUSG00000044122","Proca1","ENSG00000167525","PROCA1","Mid","P14_P56",0,0.171778548276971,0,0.366398265863793
"ENSMUSG00000044164","Rnf182","ENSG00000180537","RNF182","Late","P14_P56",1,0.279363484200284,1,0.666497195421612
"ENSMUSG00000044165","Bcl2l15","ENSG00000188761","BCL2L15","Mid","P14_P56",0,0.167284070325458,0,0.30751637665226
"ENSMUSG00000044243","Bhlha9","ENSG00000205899","BHLHA9","Mid","P14_P56",1,0.559771862204327,1,0.577158092969796
"ENSMUSG00000044667","D3Bwg0562e","ENSG00000117600","PLPPR4","Mid","P14_P56",0,0.213548668718856,1,0.694003633504116
"ENSMUSG00000044786","Zfp36","ENSG00000128016","ZFP36","Mid","P14_P56",1,0.53349325124194,1,0.565629686797973
"ENSMUSG00000044788","Fads6","ENSG00000172782","FADS6","Mid","P14_P56",1,0.364330830285633,1,0.544510219766511
"ENSMUSG00000045009","Prrt3","ENSG00000163704","PRRT3","Mid","P14_P56",1,0.315061230437721,1,0.61342793677619
"ENSMUSG00000045038","Prkce","ENSG00000171132","PRKCE","Mid","P14_P56",1,0.336357461862446,1,0.841956482333628
"ENSMUSG00000045092","S1pr1","ENSG00000170989","S1PR1","Mid","P14_P56",1,0.357347606603168,1,0.646425590669355
"ENSMUSG00000045114","Prrt2","ENSG00000167371","PRRT2","Late","P14_P56",0,0.203302746464555,1,0.871280801331758
"ENSMUSG00000045201","Lrrc3b","ENSG00000179796","LRRC3B","Late","P14_P56",1,0.273527056055603,1,0.633056887715661
"ENSMUSG00000045246","Kcng4","ENSG00000168418","KCNG4","Mid","P14_P56",1,0.447019242878042,0,0.383679292002576
"ENSMUSG00000045287","Rtn4rl1","ENSG00000185924","RTN4RL1","Late","P14_P56",1,0.547411595678795,1,0.663497995102449
"ENSMUSG00000045314","Sowahb","ENSG00000186212","SOWAHB","Mid","P14_P56",1,0.550208827669909,1,0.696611258543859
"ENSMUSG00000045589","6430704M03Rik","ENSG00000260230","FRRS1L","Late","P14_P56",0,0.259451992721313,1,0.694442219886971
"ENSMUSG00000045629","Sh3tc2","ENSG00000169247","SH3TC2","Mid","P14_P56",0,0.167569042715602,0,0.284984685357881
"ENSMUSG00000045636","Mtus1","ENSG00000129422","MTUS1","Mid","P14_P56",0,0.171783927474621,1,0.52653402115682
"ENSMUSG00000045777","6330512M04Rik","ENSG00000244242","IFITM10","Mid","P14_P56",1,0.369524782675263,1,0.55463713567922
"ENSMUSG00000045903","Npas4","ENSG00000174576","NPAS4","Mid","P14_P56",1,0.51715363074784,1,0.683192579933651
"ENSMUSG00000045967","Gpr158","ENSG00000151025","GPR158","Mid","P14_P56",1,0.37774114553873,1,0.694809312904189
"ENSMUSG00000046480","Scn4b","ENSG00000177098","SCN4B","Mid","P14_P56",1,0.554087555752769,1,0.589073986880269
"ENSMUSG00000046699","Slitrk4","ENSG00000179542","SLITRK4","Late","P14_P56",0,0.188931878012088,1,0.648567414320663
"ENSMUSG00000046719","Nxph3","ENSG00000182575","NXPH3","Mid","P14_P56",1,0.413500680009178,1,0.756202298939894
"ENSMUSG00000047293","Gpr15","ENSG00000154165","GPR15","Mid","P14_P56",0,0.15272711314208,0,0.249744994231378
"ENSMUSG00000047415","Gpr68","ENSG00000119714","GPR68","Late","P14_P56",1,0.357974937594078,1,0.58426435254478
"ENSMUSG00000047420","Fam180a","ENSG00000189320","FAM180A","Mid","P14_P56",0,0.172493549260016,0,0.257324350519735
"ENSMUSG00000047712","Ust","ENSG00000111962","UST","Mid","P14_P56",0,0.229915123098255,1,0.746548895404322
"ENSMUSG00000047787","Flrt1","ENSG00000126500","FLRT1","Mid","P14_P56",1,0.304735859020862,0,0.38077842540748
"ENSMUSG00000047976","Kcna1","ENSG00000111262","KCNA1","Mid","P14_P56",1,0.538472932003506,1,0.770938002322295
"ENSMUSG00000048142","Nat8l","ENSG00000185818","NAT8L","Late","P14_P56",1,0.466948774015355,1,0.772843630787442
"ENSMUSG00000048148","Nwd1","ENSG00000188039","NWD1","Mid","P14_P56",0,0.173369887657187,0,0.421420342309391
"ENSMUSG00000048249","A930001N09Rik","ENSG00000164463","CREBRF","Late","P14_P56",0,0.189324617034903,1,0.746079514860638
"ENSMUSG00000048332","Lhfp","ENSG00000183722","LHFPL6","Late","P14_P56",1,0.362232218009487,1,0.716566809896018
"ENSMUSG00000048373","Fgfbp1","ENSG00000137440","FGFBP1","Mid","P14_P56",0,0.108585512321511,0,0.239727273042097
"ENSMUSG00000048483","Zdhhc22","ENSG00000177108","ZDHHC22","Mid","P14_P56",1,0.505599579158578,0,0.387635806849176
"ENSMUSG00000049044","Rapgef4","ENSG00000091428","RAPGEF4","Late","P14_P56",1,0.34021230625383,1,0.607566340717854
"ENSMUSG00000049097","Ankrd34a","ENSG00000272031","ANKRD34A","Late","P14_P56",1,0.586377045388375,1,0.75557129427276
"ENSMUSG00000049265","Kcnk3","ENSG00000171303","KCNK3","Mid","P14_P56",1,0.572586860937229,1,0.691636171410148
"ENSMUSG00000049303","Syt12","ENSG00000173227","SYT12","Mid","P14_P56",1,0.395839314564657,1,0.606688768816652
"ENSMUSG00000049313","Sorl1","ENSG00000137642","SORL1","Late","P14_P56",1,0.350930919861257,1,0.687238386337786
"ENSMUSG00000049493","Pls1","ENSG00000120756","PLS1","Mid","P14_P56",1,0.377533495643446,1,0.611671391529526
"ENSMUSG00000049588","Ccdc69","ENSG00000198624","CCDC69","Mid","P14_P56",0,0.237545473849141,1,0.524161514380409
"ENSMUSG00000050103","Agmo","ENSG00000187546","AGMO","Mid","P14_P56",0,0.142813525985475,0,0.208648432662174
"ENSMUSG00000050138","Kcnk12","ENSG00000184261","KCNK12","Late","P14_P56",1,0.552248312219739,1,0.713323083937693
"ENSMUSG00000050271","D8Ertd82e","ENSG00000275342","PRAG1","Late","P14_P56",0,0.224457943282933,1,0.723274741233044
"ENSMUSG00000050663","Trhde","ENSG00000072657","TRHDE","Late","P14_P56",1,0.401790221649812,1,0.899383245557092
"ENSMUSG00000050732","Vamp8","ENSG00000118640","VAMP8","Late","P14_P56",1,0.357152884417974,0,0.364580086889373
"ENSMUSG00000050821","Fam131a","ENSG00000175182","FAM131A","Mid","P14_P56",0,0.218756551475149,1,0.648597753434561
"ENSMUSG00000050860","Phospho1","ENSG00000173868","PHOSPHO1","Late","P14_P56",1,0.424138527030923,1,0.658979718363355
"ENSMUSG00000050931","Sgms2","ENSG00000164023","SGMS2","Mid","P14_P56",0,0.182561750794664,0,0.333556604190377
"ENSMUSG00000051043","Gprc5c","ENSG00000170412","GPRC5C","Late","P14_P56",1,0.517132951640948,1,0.672574498053232
"ENSMUSG00000051331","Cacna1c","ENSG00000151067","CACNA1C","Mid","P14_P56",1,0.454255888806197,1,0.808372839184242
"ENSMUSG00000051335","Gfod1","ENSG00000145990","GFOD1","Late","P14_P56",1,0.318732641630533,1,0.758365604073664
"ENSMUSG00000051906","Cd209f","ENSG00000104938","CLEC4M","Mid","P14_P56",0,0.0719228812018065,0,0.148480651527361
"ENSMUSG00000051980","Casr","ENSG00000036828","CASR","Mid","P14_P56",1,0.376407172250405,1,0.469691295939792
"ENSMUSG00000052117","D630039A03Rik","ENSG00000188959","C9orf152","Mid","P14_P56",0,0.187206083754727,0,0.294722912330404
"ENSMUSG00000052229","Gpr17","ENSG00000144230","GPR17","Mid","P14_P56",0,0.192572677700853,0,0.357039567769347
"ENSMUSG00000052353","9930013L23Rik","ENSG00000103888","CEMIP","Mid","P14_P56",1,0.356063362478683,1,0.814076315268201
"ENSMUSG00000052387","Trpm3","ENSG00000083067","TRPM3","Mid","P14_P56",0,0.187549393070991,1,0.548439197991457
"ENSMUSG00000052684","Jun","ENSG00000177606","JUN","Mid","P14_P56",0,0.235965671130807,1,0.875990952693238
"ENSMUSG00000052837","Junb","ENSG00000171223","JUNB","Mid","P14_P56",1,0.52629818953632,1,0.79288111089973
"ENSMUSG00000053024","Cntn2","ENSG00000184144","CNTN2","Mid","P14_P56",1,0.371106775134871,1,0.836133786233804
"ENSMUSG00000053025","Sv2b","ENSG00000185518","SV2B","Mid","P14_P56",1,0.307593453118091,1,0.782169948256628
"ENSMUSG00000053166","Cdh22","ENSG00000149654","CDH22","Mid","P14_P56",1,0.573464334975293,1,0.703712289559613
"ENSMUSG00000053399","Adamts18","ENSG00000140873","ADAMTS18","Mid","P14_P56",1,0.46364964653534,1,0.68946753630835
"ENSMUSG00000053411","Cbx7","ENSG00000100307","CBX7","Late","P14_P56",1,0.519197334648277,1,0.623915022097582
"ENSMUSG00000053560","Ier2","ENSG00000160888","IER2","Mid","P14_P56",0,0.25323796293668,1,0.85961212138491
"ENSMUSG00000054459","Vsnl1","ENSG00000163032","VSNL1","Mid","P14_P56",1,0.385425080643466,1,0.6467154269263
"ENSMUSG00000054484","Tmem62","ENSG00000137842","TMEM62","Late","P14_P56",0,0.211302966233695,1,0.667779070279388
"ENSMUSG00000054855","Rnd1","ENSG00000172602","RND1","Late","P14_P56",1,0.524782678121904,1,0.620454870053199
"ENSMUSG00000054958","Nt5c1a","ENSG00000116981","NT5C1A","Mid","P14_P56",1,0.464085382911618,1,0.540822944282384
"ENSMUSG00000055022","Cntn1","ENSG00000018236","CNTN1","Mid","P14_P56",0,0.247156766209515,1,0.701906392012333
"ENSMUSG00000055053","Nfic","ENSG00000141905","NFIC","Mid","P14_P56",1,0.273314677558998,1,0.77275203688059
"ENSMUSG00000055148","Klf2","ENSG00000127528","KLF2","Mid","P14_P56",1,0.543432531633803,1,0.661643540296302
"ENSMUSG00000055214","Pld5","ENSG00000180287","PLD5","Mid","P14_P56",1,0.279039273772449,1,0.700454124500935
"ENSMUSG00000055333","Fat2","ENSG00000086570","FAT2","Late","P14_P56",0,0.233401491334427,1,0.675824094579298
"ENSMUSG00000055430","Nap1l5","ENSG00000177432","NAP1L5","Late","P14_P56",0,0.219481095443063,1,0.632292113819564
"ENSMUSG00000055567","Unc80","ENSG00000144406","UNC80","Mid","P14_P56",0,0.196630709578409,1,0.690449312825517
"ENSMUSG00000056124","B4galt6","ENSG00000118276","B4GALT6","Late","P14_P56",0,0.173622697376258,1,0.750975630178218
"ENSMUSG00000056158","Car10","ENSG00000154975","CA10","Mid","P14_P56",1,0.534165305106512,1,0.763394018981457
"ENSMUSG00000056174","Col8a2","ENSG00000171812","COL8A2","Mid","P14_P56",1,0.510518584191919,1,0.500001707603489
"ENSMUSG00000056222","Spock1","ENSG00000152377","SPOCK1","Late","P14_P56",1,0.470953768369657,1,0.606721658885766
"ENSMUSG00000056429","Tgoln1","ENSG00000152291","TGOLN2","Late","P14_P56",0,0.175696415851312,1,0.738732032160846
"ENSMUSG00000056476","Med12l","ENSG00000144893","MED12L","Mid","P14_P56",1,0.287361214785433,1,0.797249880935671
"ENSMUSG00000056501","Cebpb","ENSG00000172216","CEBPB","Mid","P14_P56",1,0.489292759543085,1,0.683856240040987
"ENSMUSG00000056596","Trnp1","ENSG00000253368","TRNP1","Mid","P14_P56",1,0.515228378573448,1,0.717722465280648
"ENSMUSG00000057060","Slc35f3","ENSG00000183780","SLC35F3","Mid","P14_P56",1,0.432990776389065,1,0.659478687178728
"ENSMUSG00000057072","1700022P22Rik","ENSG00000185523","SPATA45","Mid","P14_P56",0,0.160605578210072,0,0.22061754324849
"ENSMUSG00000057123","Gja5","ENSG00000265107","GJA5","Mid","P14_P56",0,0.138211790276982,1,0.670240276704195
"ENSMUSG00000057182","Scn3a","ENSG00000153253","SCN3A","Late","P14_P56",0,0.151064745139232,0,0.440277570116348
"ENSMUSG00000057337","Chst3","ENSG00000122863","CHST3","Mid","P14_P56",1,0.49275374491537,1,0.627129237097997
"ENSMUSG00000057455","Rit2","ENSG00000152214","RIT2","Late","P14_P56",0,0.120126330511993,1,0.457393555258168
"ENSMUSG00000057606","Colq","ENSG00000206561","COLQ","Mid","P14_P56",1,0.258325348155842,0,0.34413017340629
"ENSMUSG00000057897","Camk2b","ENSG00000058404","CAMK2B","Mid","P14_P56",1,0.546885944035608,1,0.744641548363772
"ENSMUSG00000058248","Kcnh1","ENSG00000143473","KCNH1","Late","P14_P56",1,0.43316888257213,1,0.665868817939405
"ENSMUSG00000058441","Panx2","ENSG00000073150","PANX2","Late","P14_P56",1,0.47187103863359,1,0.67098808707778
"ENSMUSG00000058488","Kl","ENSG00000133116","KL","Mid","P14_P56",1,0.459583561637611,1,0.583685890977223
"ENSMUSG00000058656","Samd12","ENSG00000177570","SAMD12","Mid","P14_P56",0,0.185365951596243,1,0.664553518384074
"ENSMUSG00000058740","Kcnt1","ENSG00000107147","KCNT1","Late","P14_P56",1,0.391636314350761,1,0.58319663563519
"ENSMUSG00000058975","Kcnc1","ENSG00000129159","KCNC1","Late","P14_P56",1,0.44700222506717,1,0.809409276648761
"ENSMUSG00000059003","Grin2a","ENSG00000183454","GRIN2A","Late","P14_P56",1,0.451088712553013,1,0.707802115268616
"ENSMUSG00000059149","Mfsd4","ENSG00000174514","MFSD4A","Late","P14_P56",1,0.464467887332599,1,0.584628765379345
"ENSMUSG00000059325","Hopx","ENSG00000171476","HOPX","Mid","P14_P56",1,0.335153813868828,1,0.686921221902031
"ENSMUSG00000059401","Mamld1","ENSG00000013619","MAMLD1","Late","P14_P56",1,0.292982520726254,1,0.706696754343451
"ENSMUSG00000059456","Ptk2b","ENSG00000120899","PTK2B","Mid","P14_P56",1,0.534152927557068,1,0.573837476559445
"ENSMUSG00000059762","Olfr767","ENSG00000179615","OR2AP1","Late","P14_P56",0,0.0920900226395761,0,0.210426415607107
"ENSMUSG00000059824","Dbp","ENSG00000105516","DBP","Mid","P14_P56",1,0.380780098865307,1,0.742034927319116
"ENSMUSG00000059900","Tmem40","ENSG00000088726","TMEM40","Mid","P14_P56",0,0.0974480768768052,0,0.278730962113692
"ENSMUSG00000060240","Cend1","ENSG00000184524","CEND1","Late","P14_P56",0,0.232855006106463,1,0.53127238109183
"ENSMUSG00000060275","Nrg2","ENSG00000158458","NRG2","Mid","P14_P56",1,0.353793252218898,1,0.7286993422865
"ENSMUSG00000060371","Caln1","ENSG00000183166","CALN1","Late","P14_P56",1,0.415689766854912,1,0.714475972017023
"ENSMUSG00000060477","Irak2","ENSG00000134070","IRAK2","Mid","P14_P56",0,0.174432905800683,1,0.486313032900476
"ENSMUSG00000060594","Layn","ENSG00000204381","LAYN","Late","P14_P56",0,0.18605926402074,1,0.490558520479416
"ENSMUSG00000060882","Kcnd2","ENSG00000184408","KCND2","Mid","P14_P56",0,0.23752996605225,1,0.753775276778727
"ENSMUSG00000060988","Galnt13","ENSG00000144278","GALNT13","Late","P14_P56",1,0.308333273675178,1,0.729152520869885
"ENSMUSG00000061601","Pclo","ENSG00000186472","PCLO","Late","P14_P56",0,0.23010421477833,1,0.737866064183361
"ENSMUSG00000061718","Ppp1r1b","ENSG00000131771","PPP1R1B","Mid","P14_P56",1,0.56633451472121,1,0.656433558053065
"ENSMUSG00000061740","Cyp2d22","ENSG00000100197","CYP2D6","Mid","P14_P56",1,0.254121170633031,0,0.408010041689539
"ENSMUSG00000062151","Unc13c","ENSG00000137766","UNC13C","Late","P14_P56",0,0.170928780883841,0,0.338767480352453
"ENSMUSG00000062257","Opcml","ENSG00000183715","OPCML","Mid","P14_P56",1,0.356799112145845,1,0.606265688881199
"ENSMUSG00000062526","Mppe1","ENSG00000154889","MPPE1","Mid","P14_P56",1,0.259894342858928,1,0.68757133023949
"ENSMUSG00000062542","Syt9","ENSG00000170743","SYT9","Mid","P14_P56",0,0.230608433672164,1,0.762309160137267
"ENSMUSG00000062785","Kcnc3","ENSG00000131398","KCNC3","Mid","P14_P56",1,0.386124545221347,1,0.842590278472779
"ENSMUSG00000063015","Ccni","ENSG00000118816","CCNI","Mid","P14_P56",0,0.192200649887958,1,0.78044704028265
"ENSMUSG00000063239","Grm4","ENSG00000124493","GRM4","Mid","P14_P56",1,0.562782428152208,1,0.723235274166131
"ENSMUSG00000063430","Wscd2","ENSG00000075035","WSCD2","Mid","P14_P56",1,0.347568426786991,1,0.741635911981903
"ENSMUSG00000063651","Cnfn","ENSG00000105427","CNFN","Mid","P14_P56",1,0.279968969373879,0,0.368257007253497
"ENSMUSG00000064065","Ipcef1","ENSG00000074706","IPCEF1","Mid","P14_P56",0,0.164218754468192,1,0.511613935254857
"ENSMUSG00000064225","Paqr9","ENSG00000188582","PAQR9","Mid","P14_P56",1,0.541933016759152,1,0.71326515499171
"ENSMUSG00000064329","Scn1a","ENSG00000144285","SCN1A","Late","P14_P56",0,0.195526568427457,1,0.587784804945493
"ENSMUSG00000065608","Mirlet7c-2","ENSG00000283990","MIRLET7A3","Mid","P14_P56",0,0.217323019545079,1,0.623458384948976
"ENSMUSG00000066129","Kndc1","ENSG00000171798","KNDC1","Late","P14_P56",1,0.411453712877742,1,0.543666955640738
"ENSMUSG00000066438","3830431G21Rik","ENSG00000175985","PLEKHD1","Mid","P14_P56",1,0.524991346632398,1,0.607648975315971
"ENSMUSG00000067081","Asb18","ENSG00000182177","ASB18","Mid","P14_P56",0,0.128667057026934,0,0.175194045444201
"ENSMUSG00000067242","Lgi1","ENSG00000108231","LGI1","Mid","P14_P56",1,0.315092185222105,1,0.541635327344523
"ENSMUSG00000068373","D430041D05Rik","ENSG00000110427","KIAA1549L","Mid","P14_P56",1,0.338874251932006,1,0.86917818094387
"ENSMUSG00000069072","Slc7a14","ENSG00000013293","SLC7A14","Late","P14_P56",1,0.331880482954237,1,0.706362993089822
"ENSMUSG00000070047","Fat1","ENSG00000083857","FAT1","Late","P14_P56",0,0.210999445691767,1,0.579275685473771
"ENSMUSG00000070304","Scn2b","ENSG00000149575","SCN2B","Late","P14_P56",1,0.382836947323739,1,0.63768765220567
"ENSMUSG00000070327","Rnf213","ENSG00000173821","RNF213","Mid","P14_P56",1,0.448500802488334,1,0.583514530164179
"ENSMUSG00000070469","Adamtsl3","ENSG00000156218","ADAMTSL3","Mid","P14_P56",1,0.329831160514265,1,0.675597233810499
"ENSMUSG00000070473","Cldn3","ENSG00000165215","CLDN3","Mid","P14_P56",1,0.556665021322945,1,0.674084834560658
"ENSMUSG00000070532","1700084C01Rik","ENSG00000185860","CCDC190","Mid","P14_P56",1,0.262574030563288,0,0.332510688987691
"ENSMUSG00000070570","Slc17a7","ENSG00000104888","SLC17A7","Mid","P14_P56",1,0.519675342198543,1,0.71972392573586
"ENSMUSG00000070720","Tmem200b","ENSG00000253304","TMEM200B","Mid","P14_P56",1,0.572866776127956,1,0.630285666232124
"ENSMUSG00000070803","Cited4","ENSG00000179862","CITED4","Mid","P14_P56",1,0.387075563275142,1,0.572163836119314
"ENSMUSG00000071341","Egr4","ENSG00000135625","EGR4","Mid","P14_P56",1,0.575012284293918,1,0.706143173098413
"ENSMUSG00000071369","Map3k5","ENSG00000197442","MAP3K5","Mid","P14_P56",1,0.33446417233647,1,0.757287342928006
"ENSMUSG00000071424","Grid2","ENSG00000152208","GRID2","Mid","P14_P56",1,0.310451048550522,1,0.815962715168071
"ENSMUSG00000071604","Fam189a2","ENSG00000135063","ENTREP1","Mid","P14_P56",1,0.475218462547918,1,0.668532022090242
"ENSMUSG00000071637","Cebpd","ENSG00000221869","CEBPD","Mid","P14_P56",1,0.472805165582157,1,0.68609679877296
"ENSMUSG00000071856","Mcc","ENSG00000171444","MCC","Late","P14_P56",1,0.330890163880452,1,0.700788347322642
"ENSMUSG00000073413","Ly6g6d","ENSG00000244355","LY6G6D","Mid","P14_P56",0,0.183081544342037,0,0.300925924087563
"ENSMUSG00000073421","H2-Ab1","ENSG00000179344","HLA-DQB1","Mid","P14_P56",1,0.516193719252634,1,0.618472174109445
"ENSMUSG00000073565","Prr16","ENSG00000184838","PRR16","Late","P14_P56",1,0.316647877818261,1,0.635500908460656
"ENSMUSG00000073700","Klhl21","ENSG00000162413","KLHL21","Mid","P14_P56",1,0.444408920573829,1,0.729511376395365
"ENSMUSG00000073725","Lmbrd1","ENSG00000168216","LMBRD1","Late","P14_P56",0,0.147019306158036,1,0.707562778686072
"ENSMUSG00000074170","Plekhf1","ENSG00000166289","PLEKHF1","Mid","P14_P56",1,0.347861037259432,1,0.563084072815665
"ENSMUSG00000074457","S100a16","ENSG00000188643","S100A16","Mid","P14_P56",0,0.175725267583307,0,0.28899836159119
"ENSMUSG00000074628","Gm1332","ENSG00000101342","TLDC2","Mid","P14_P56",0,0.134583110232496,0,0.263994796170382
"ENSMUSG00000074652","Myh7b","ENSG00000078814","MYH7B","Mid","P14_P56",1,0.340402982059572,1,0.466019341550734
"ENSMUSG00000074738","B930041F14Rik","ENSG00000228594","FNDC10","Late","P14_P56",0,0.227182128556703,1,0.696508047981185
"ENSMUSG00000074766","Ism1","ENSG00000101230","ISM1","Mid","P14_P56",0,0.204506077685513,1,0.71821672037712
"ENSMUSG00000074968","Ano3","ENSG00000134343","ANO3","Mid","P14_P56",0,0.182872973226307,1,0.557550692619149
"ENSMUSG00000075318","Scn2a1","ENSG00000136531","SCN2A","Late","P14_P56",0,0.167522156962057,1,0.533119190442086
"ENSMUSG00000075478","Slitrk1","ENSG00000178235","SLITRK1","Late","P14_P56",0,0.182042691663746,1,0.771317606160642
"ENSMUSG00000075595","Zfp652","ENSG00000198740","ZNF652","Late","P14_P56",0,0.197497392894799,1,0.756596025053257
"ENSMUSG00000076760","Trav3-1","ENSG00000211779","TRAV5","Mid","P14_P56",0,0.126863264524903,0,0.21143332016119
"ENSMUSG00000078722","Gm12394","ENSG00000205108","FAM205A","Mid","P14_P56",0,0.0394079873414399,0,0.0351048432870805
"ENSMUSG00000078816","Prkcc","ENSG00000126583","PRKCG","Mid","P14_P56",1,0.489428738056264,1,0.610905757570229
"ENSMUSG00000079037","Prnp","ENSG00000171867","PRNP","Late","P14_P56",0,0.229687925938485,1,0.711475323253162
"ENSMUSG00000079056","Kcnip3","ENSG00000115041","KCNIP3","Mid","P14_P56",0,0.21874269730299,1,0.666162005888194
"ENSMUSG00000079057","Cyp4v3","ENSG00000145476","CYP4V2","Mid","P14_P56",0,0.209032588889497,1,0.605080178188927
"ENSMUSG00000079162","Trim43b","ENSG00000144010","TRIM43B","Mid","P14_P56",0,0.0688564405238722,0,0.113081660043529
"ENSMUSG00000079465","Col4a3","ENSG00000169031","COL4A3","Mid","P14_P56",0,0.227441406257931,0,0.434761625321318
"ENSMUSG00000079598","Clec2l","ENSG00000236279","CLEC2L","Mid","P14_P56",1,0.30829397269106,1,0.629609485088061
"ENSMUSG00000088088","","ENSG00000223088","RMRPP5","Late","P14_P56",0,0.16163826969685,1,0.648711193790768
"ENSMUSG00000089669","Tnfsf13","ENSG00000161955","TNFSF13","Mid","P14_P56",0,0.145336797952002,0,0.362412732107238
"ENSMUSG00000090799","Klhl33","ENSG00000185271","KLHL33","Mid","P14_P56",0,0.144146113278144,0,0.257321331493761
"ENSMUSG00000091712","Sec14l5","ENSG00000103184","SEC14L5","Mid","P14_P56",1,0.403662080992087,1,0.513931744751531
